density,agents,seed,method,success,expansions,cost
0.0,6,0,cardinal,1,3,29
0.0,6,0,linear,1,3,29
0.0,6,0,mlp,1,3,29
0.0,6,1,cardinal,1,3,37
0.0,6,1,linear,1,3,37
0.0,6,1,mlp,1,2,37
0.0,6,2,cardinal,1,1,28
0.0,6,2,linear,1,1,28
0.0,6,2,mlp,1,1,28
0.0,6,3,cardinal,1,2,30
0.0,6,3,linear,1,2,30
0.0,6,3,mlp,1,2,30
0.0,6,4,cardinal,1,12,33
0.0,6,4,linear,1,12,33
0.0,6,4,mlp,1,12,33
0.0,6,5,cardinal,1,2,29
0.0,6,5,linear,1,2,29
0.0,6,5,mlp,1,2,29
0.0,6,6,cardinal,1,1,39
0.0,6,6,linear,1,1,39
0.0,6,6,mlp,1,1,39
0.0,6,7,cardinal,1,10,38
0.0,6,7,linear,1,6,38
0.0,6,7,mlp,1,11,38
0.0,6,8,cardinal,1,7,30
0.0,6,8,linear,1,7,30
0.0,6,8,mlp,1,7,30
0.0,6,9,cardinal,1,3,35
0.0,6,9,linear,1,3,35
0.0,6,9,mlp,1,3,35
0.0,6,10,cardinal,1,2,40
0.0,6,10,linear,1,2,40
0.0,6,10,mlp,1,2,40
0.0,6,11,cardinal,1,1,26
0.0,6,11,linear,1,1,26
0.0,6,11,mlp,1,1,26
0.0,6,12,cardinal,1,2,33
0.0,6,12,linear,1,2,33
0.0,6,12,mlp,1,2,33
0.0,6,13,cardinal,1,2,31
0.0,6,13,linear,1,2,31
0.0,6,13,mlp,1,2,31
0.0,6,14,cardinal,1,2,33
0.0,6,14,linear,1,2,33
0.0,6,14,mlp,1,2,33
0.0,6,15,cardinal,1,1,30
0.0,6,15,linear,1,1,30
0.0,6,15,mlp,1,1,30
0.0,6,16,cardinal,1,2,26
0.0,6,16,linear,1,2,26
0.0,6,16,mlp,1,2,26
0.0,6,17,cardinal,1,5,27
0.0,6,17,linear,1,5,27
0.0,6,17,mlp,1,5,27
0.0,6,18,cardinal,1,2,24
0.0,6,18,linear,1,2,24
0.0,6,18,mlp,1,2,24
0.0,6,19,cardinal,1,3,22
0.0,6,19,linear,1,3,22
0.0,6,19,mlp,1,3,22
0.0,6,20,cardinal,1,3,25
0.0,6,20,linear,1,3,25
0.0,6,20,mlp,1,3,25
0.0,6,21,cardinal,1,9,41
0.0,6,21,linear,1,9,41
0.0,6,21,mlp,1,10,41
0.0,6,22,cardinal,1,2,38
0.0,6,22,linear,1,2,38
0.0,6,22,mlp,1,2,38
0.0,6,23,cardinal,1,1,40
0.0,6,23,linear,1,1,40
0.0,6,23,mlp,1,1,40
0.0,6,24,cardinal,1,6,28
0.0,6,24,linear,1,7,28
0.0,6,24,mlp,1,6,28
0.0,6,25,cardinal,1,1,34
0.0,6,25,linear,1,1,34
0.0,6,25,mlp,1,1,34
0.0,6,26,cardinal,1,3,29
0.0,6,26,linear,1,3,29
0.0,6,26,mlp,1,3,29
0.0,6,27,cardinal,1,1,22
0.0,6,27,linear,1,1,22
0.0,6,27,mlp,1,1,22
0.0,6,28,cardinal,1,5,32
0.0,6,28,linear,1,5,32
0.0,6,28,mlp,1,6,32
0.0,6,29,cardinal,1,3,33
0.0,6,29,linear,1,3,33
0.0,6,29,mlp,1,3,33
0.0,6,30,cardinal,1,3,41
0.0,6,30,linear,1,3,41
0.0,6,30,mlp,1,3,41
0.0,6,31,cardinal,1,6,40
0.0,6,31,linear,1,4,40
0.0,6,31,mlp,1,6,40
0.0,6,32,cardinal,1,3,33
0.0,6,32,linear,1,3,33
0.0,6,32,mlp,1,3,33
0.0,6,33,cardinal,1,2,30
0.0,6,33,linear,1,2,30
0.0,6,33,mlp,1,2,30
0.0,6,34,cardinal,1,4,40
0.0,6,34,linear,1,4,40
0.0,6,34,mlp,1,4,40
0.0,6,35,cardinal,1,3,37
0.0,6,35,linear,1,3,37
0.0,6,35,mlp,1,3,37
0.0,6,36,cardinal,1,2,33
0.0,6,36,linear,1,2,33
0.0,6,36,mlp,1,2,33
0.0,6,37,cardinal,1,5,38
0.0,6,37,linear,1,5,38
0.0,6,37,mlp,1,5,38
0.0,6,38,cardinal,1,1,24
0.0,6,38,linear,1,1,24
0.0,6,38,mlp,1,1,24
0.0,6,39,cardinal,1,5,35
0.0,6,39,linear,1,5,35
0.0,6,39,mlp,1,5,35
0.0,6,40,cardinal,1,2,37
0.0,6,40,linear,1,2,37
0.0,6,40,mlp,1,2,37
0.0,6,41,cardinal,1,3,31
0.0,6,41,linear,1,3,31
0.0,6,41,mlp,1,3,31
0.0,6,42,cardinal,1,2,25
0.0,6,42,linear,1,2,25
0.0,6,42,mlp,1,2,25
0.0,6,43,cardinal,1,1,41
0.0,6,43,linear,1,1,41
0.0,6,43,mlp,1,1,41
0.0,6,44,cardinal,1,7,30
0.0,6,44,linear,1,7,30
0.0,6,44,mlp,1,6,30
0.0,6,45,cardinal,1,3,43
0.0,6,45,linear,1,3,43
0.0,6,45,mlp,1,3,43
0.0,6,46,cardinal,1,3,32
0.0,6,46,linear,1,3,32
0.0,6,46,mlp,1,3,32
0.0,6,47,cardinal,1,3,29
0.0,6,47,linear,1,4,29
0.0,6,47,mlp,1,4,29
0.0,6,48,cardinal,1,1,27
0.0,6,48,linear,1,1,27
0.0,6,48,mlp,1,1,27
0.0,6,49,cardinal,1,4,41
0.0,6,49,linear,1,4,41
0.0,6,49,mlp,1,4,41
0.0,6,50,cardinal,1,2,29
0.0,6,50,linear,1,2,29
0.0,6,50,mlp,1,2,29
0.0,6,51,cardinal,1,5,27
0.0,6,51,linear,1,5,27
0.0,6,51,mlp,1,5,27
0.0,6,52,cardinal,1,3,37
0.0,6,52,linear,1,3,37
0.0,6,52,mlp,1,3,37
0.0,6,53,cardinal,1,2,36
0.0,6,53,linear,1,2,36
0.0,6,53,mlp,1,3,36
0.0,6,54,cardinal,1,5,32
0.0,6,54,linear,1,5,32
0.0,6,54,mlp,1,5,32
0.0,6,55,cardinal,1,2,28
0.0,6,55,linear,1,2,28
0.0,6,55,mlp,1,3,28
0.0,6,56,cardinal,1,3,34
0.0,6,56,linear,1,3,34
0.0,6,56,mlp,1,3,34
0.0,6,57,cardinal,1,1,37
0.0,6,57,linear,1,1,37
0.0,6,57,mlp,1,1,37
0.0,6,58,cardinal,1,1,29
0.0,6,58,linear,1,1,29
0.0,6,58,mlp,1,1,29
0.0,6,59,cardinal,1,4,32
0.0,6,59,linear,1,4,32
0.0,6,59,mlp,1,4,32
0.0,6,60,cardinal,1,1,21
0.0,6,60,linear,1,1,21
0.0,6,60,mlp,1,1,21
0.0,6,61,cardinal,1,1,34
0.0,6,61,linear,1,1,34
0.0,6,61,mlp,1,1,34
0.0,6,62,cardinal,1,1,31
0.0,6,62,linear,1,1,31
0.0,6,62,mlp,1,1,31
0.0,6,63,cardinal,1,3,31
0.0,6,63,linear,1,3,31
0.0,6,63,mlp,1,3,31
0.0,6,64,cardinal,1,1,32
0.0,6,64,linear,1,1,32
0.0,6,64,mlp,1,1,32
0.0,6,65,cardinal,1,2,23
0.0,6,65,linear,1,3,23
0.0,6,65,mlp,1,3,23
0.0,6,66,cardinal,1,6,41
0.0,6,66,linear,1,5,41
0.0,6,66,mlp,1,6,41
0.0,6,67,cardinal,1,1,18
0.0,6,67,linear,1,1,18
0.0,6,67,mlp,1,1,18
0.0,6,68,cardinal,1,1,29
0.0,6,68,linear,1,1,29
0.0,6,68,mlp,1,1,29
0.0,6,69,cardinal,1,3,26
0.0,6,69,linear,1,3,26
0.0,6,69,mlp,1,3,26
0.0,6,70,cardinal,1,1,25
0.0,6,70,linear,1,1,25
0.0,6,70,mlp,1,1,25
0.0,6,71,cardinal,1,6,34
0.0,6,71,linear,1,6,34
0.0,6,71,mlp,1,19,34
0.0,6,72,cardinal,1,3,33
0.0,6,72,linear,1,3,33
0.0,6,72,mlp,1,3,33
0.0,6,73,cardinal,1,3,47
0.0,6,73,linear,1,3,47
0.0,6,73,mlp,1,3,47
0.0,6,74,cardinal,1,2,32
0.0,6,74,linear,1,2,32
0.0,6,74,mlp,1,2,32
0.0,6,75,cardinal,1,2,39
0.0,6,75,linear,1,2,39
0.0,6,75,mlp,1,2,39
0.0,6,76,cardinal,1,1,25
0.0,6,76,linear,1,1,25
0.0,6,76,mlp,1,1,25
0.0,6,77,cardinal,1,1,31
0.0,6,77,linear,1,1,31
0.0,6,77,mlp,1,1,31
0.0,6,78,cardinal,1,3,33
0.0,6,78,linear,1,3,33
0.0,6,78,mlp,1,3,33
0.0,6,79,cardinal,1,4,33
0.0,6,79,linear,1,4,33
0.0,6,79,mlp,1,4,33
0.0,8,0,cardinal,1,3,39
0.0,8,0,linear,1,3,39
0.0,8,0,mlp,1,3,39
0.0,8,1,cardinal,1,4,47
0.0,8,1,linear,1,3,47
0.0,8,1,mlp,1,3,47
0.0,8,2,cardinal,1,1,43
0.0,8,2,linear,1,1,43
0.0,8,2,mlp,1,1,43
0.0,8,3,cardinal,1,3,40
0.0,8,3,linear,1,3,40
0.0,8,3,mlp,1,3,40
0.0,8,4,cardinal,1,26,42
0.0,8,4,linear,1,27,42
0.0,8,4,mlp,1,72,42
0.0,8,5,cardinal,1,5,39
0.0,8,5,linear,1,5,39
0.0,8,5,mlp,1,5,39
0.0,8,6,cardinal,1,3,50
0.0,8,6,linear,1,3,50
0.0,8,6,mlp,1,3,50
0.0,8,7,cardinal,1,11,53
0.0,8,7,linear,1,10,53
0.0,8,7,mlp,1,13,53
0.0,8,8,cardinal,1,9,45
0.0,8,8,linear,1,9,45
0.0,8,8,mlp,1,8,45
0.0,8,9,cardinal,1,4,50
0.0,8,9,linear,1,4,50
0.0,8,9,mlp,1,4,50
0.0,8,10,cardinal,1,4,54
0.0,8,10,linear,1,3,54
0.0,8,10,mlp,1,3,54
0.0,8,11,cardinal,1,2,35
0.0,8,11,linear,1,2,35
0.0,8,11,mlp,1,2,35
0.0,8,12,cardinal,1,3,43
0.0,8,12,linear,1,3,43
0.0,8,12,mlp,1,3,43
0.0,8,13,cardinal,1,4,43
0.0,8,13,linear,1,4,43
0.0,8,13,mlp,1,4,43
0.0,8,14,cardinal,1,2,42
0.0,8,14,linear,1,2,42
0.0,8,14,mlp,1,2,42
0.0,8,15,cardinal,1,1,37
0.0,8,15,linear,1,1,37
0.0,8,15,mlp,1,1,37
0.0,8,16,cardinal,1,28,41
0.0,8,16,linear,1,11,41
0.0,8,16,mlp,1,10,41
0.0,8,17,cardinal,1,5,37
0.0,8,17,linear,1,5,37
0.0,8,17,mlp,1,6,37
0.0,8,18,cardinal,1,2,37
0.0,8,18,linear,1,2,37
0.0,8,18,mlp,1,2,37
0.0,8,19,cardinal,1,5,33
0.0,8,19,linear,1,5,33
0.0,8,19,mlp,1,5,33
0.0,8,20,cardinal,1,4,38
0.0,8,20,linear,1,4,38
0.0,8,20,mlp,1,4,38
0.0,8,21,cardinal,1,9,56
0.0,8,21,linear,1,10,56
0.0,8,21,mlp,1,9,56
0.0,8,22,cardinal,1,2,49
0.0,8,22,linear,1,2,49
0.0,8,22,mlp,1,2,49
0.0,8,23,cardinal,1,3,49
0.0,8,23,linear,1,3,49
0.0,8,23,mlp,1,4,49
0.0,8,24,cardinal,1,6,45
0.0,8,24,linear,1,7,45
0.0,8,24,mlp,1,7,45
0.0,8,25,cardinal,1,3,42
0.0,8,25,linear,1,3,42
0.0,8,25,mlp,1,2,42
0.0,8,26,cardinal,1,5,35
0.0,8,26,linear,1,6,35
0.0,8,26,mlp,1,5,35
0.0,8,27,cardinal,1,4,42
0.0,8,27,linear,1,5,42
0.0,8,27,mlp,1,7,42
0.0,8,28,cardinal,1,8,42
0.0,8,28,linear,1,8,42
0.0,8,28,mlp,1,9,42
0.0,8,29,cardinal,1,3,49
0.0,8,29,linear,1,3,49
0.0,8,29,mlp,1,3,49
0.0,8,30,cardinal,1,4,49
0.0,8,30,linear,1,5,49
0.0,8,30,mlp,1,5,49
0.0,8,31,cardinal,1,7,51
0.0,8,31,linear,1,10,51
0.0,8,31,mlp,1,7,51
0.0,8,32,cardinal,1,3,40
0.0,8,32,linear,1,3,40
0.0,8,32,mlp,1,3,40
0.0,8,33,cardinal,1,2,39
0.0,8,33,linear,1,2,39
0.0,8,33,mlp,1,2,39
0.0,8,34,cardinal,1,5,46
0.0,8,34,linear,1,5,46
0.0,8,34,mlp,1,5,46
0.0,8,35,cardinal,1,5,50
0.0,8,35,linear,1,5,50
0.0,8,35,mlp,1,6,50
0.0,8,36,cardinal,1,3,47
0.0,8,36,linear,1,3,47
0.0,8,36,mlp,1,5,47
0.0,8,37,cardinal,1,6,45
0.0,8,37,linear,1,6,45
0.0,8,37,mlp,1,6,45
0.0,8,38,cardinal,1,3,32
0.0,8,38,linear,1,3,32
0.0,8,38,mlp,1,3,32
0.0,8,39,cardinal,1,12,51
0.0,8,39,linear,1,12,51
0.0,8,39,mlp,1,9,51
0.0,8,40,cardinal,1,3,44
0.0,8,40,linear,1,3,44
0.0,8,40,mlp,1,3,44
0.0,8,41,cardinal,1,5,46
0.0,8,41,linear,1,5,46
0.0,8,41,mlp,1,5,46
0.0,8,42,cardinal,1,8,35
0.0,8,42,linear,1,8,35
0.0,8,42,mlp,1,8,35
0.0,8,43,cardinal,1,3,56
0.0,8,43,linear,1,3,56
0.0,8,43,mlp,1,3,56
0.0,8,44,cardinal,1,9,41
0.0,8,44,linear,1,9,41
0.0,8,44,mlp,1,8,41
0.0,8,45,cardinal,1,5,56
0.0,8,45,linear,1,5,56
0.0,8,45,mlp,1,5,56
0.0,8,46,cardinal,1,5,41
0.0,8,46,linear,1,5,41
0.0,8,46,mlp,1,5,41
0.0,8,47,cardinal,1,4,45
0.0,8,47,linear,1,6,45
0.0,8,47,mlp,1,4,45
0.0,8,48,cardinal,1,1,35
0.0,8,48,linear,1,1,35
0.0,8,48,mlp,1,1,35
0.0,8,49,cardinal,1,4,54
0.0,8,49,linear,1,5,54
0.0,8,49,mlp,1,4,54
0.0,8,50,cardinal,1,3,37
0.0,8,50,linear,1,3,37
0.0,8,50,mlp,1,3,37
0.0,8,51,cardinal,1,7,41
0.0,8,51,linear,1,7,41
0.0,8,51,mlp,1,10,41
0.0,8,52,cardinal,1,3,45
0.0,8,52,linear,1,3,45
0.0,8,52,mlp,1,3,45
0.0,8,53,cardinal,1,4,42
0.0,8,53,linear,1,4,42
0.0,8,53,mlp,1,5,42
0.0,8,54,cardinal,1,8,43
0.0,8,54,linear,1,5,43
0.0,8,54,mlp,1,5,43
0.0,8,55,cardinal,1,3,42
0.0,8,55,linear,1,3,42
0.0,8,55,mlp,1,3,42
0.0,8,56,cardinal,1,7,40
0.0,8,56,linear,1,7,40
0.0,8,56,mlp,1,7,40
0.0,8,57,cardinal,1,2,44
0.0,8,57,linear,1,2,44
0.0,8,57,mlp,1,2,44
0.0,8,58,cardinal,1,14,44
0.0,8,58,linear,1,8,44
0.0,8,58,mlp,1,15,44
0.0,8,59,cardinal,1,5,40
0.0,8,59,linear,1,5,40
0.0,8,59,mlp,1,5,40
0.0,8,60,cardinal,1,7,39
0.0,8,60,linear,1,8,39
0.0,8,60,mlp,1,8,39
0.0,8,61,cardinal,1,4,42
0.0,8,61,linear,1,4,42
0.0,8,61,mlp,1,4,42
0.0,8,62,cardinal,1,1,42
0.0,8,62,linear,1,1,42
0.0,8,62,mlp,1,1,42
0.0,8,63,cardinal,1,11,42
0.0,8,63,linear,1,8,42
0.0,8,63,mlp,1,7,42
0.0,8,64,cardinal,1,3,42
0.0,8,64,linear,1,3,42
0.0,8,64,mlp,1,3,42
0.0,8,65,cardinal,1,2,35
0.0,8,65,linear,1,3,35
0.0,8,65,mlp,1,3,35
0.0,8,66,cardinal,1,6,56
0.0,8,66,linear,1,5,56
0.0,8,66,mlp,1,5,56
0.0,8,67,cardinal,1,2,32
0.0,8,67,linear,1,2,32
0.0,8,67,mlp,1,2,32
0.0,8,68,cardinal,1,11,46
0.0,8,68,linear,1,9,46
0.0,8,68,mlp,1,9,46
0.0,8,69,cardinal,1,3,34
0.0,8,69,linear,1,3,34
0.0,8,69,mlp,1,3,34
0.0,8,70,cardinal,1,3,36
0.0,8,70,linear,1,3,36
0.0,8,70,mlp,1,3,36
0.0,8,71,cardinal,1,90,48
0.0,8,71,linear,1,45,48
0.0,8,71,mlp,1,145,48
0.0,8,72,cardinal,1,4,48
0.0,8,72,linear,1,4,48
0.0,8,72,mlp,1,6,48
0.0,8,73,cardinal,1,3,60
0.0,8,73,linear,1,3,60
0.0,8,73,mlp,1,3,60
0.0,8,74,cardinal,1,3,48
0.0,8,74,linear,1,3,48
0.0,8,74,mlp,1,3,48
0.0,8,75,cardinal,1,5,47
0.0,8,75,linear,1,4,47
0.0,8,75,mlp,1,5,47
0.0,8,76,cardinal,1,1,37
0.0,8,76,linear,1,1,37
0.0,8,76,mlp,1,1,37
0.0,8,77,cardinal,1,1,49
0.0,8,77,linear,1,1,49
0.0,8,77,mlp,1,1,49
0.0,8,78,cardinal,1,3,38
0.0,8,78,linear,1,3,38
0.0,8,78,mlp,1,3,38
0.0,8,79,cardinal,1,7,43
0.0,8,79,linear,1,6,43
0.0,8,79,mlp,1,6,43
0.0,10,0,cardinal,1,3,48
0.0,10,0,linear,1,3,48
0.0,10,0,mlp,1,3,48
0.0,10,1,cardinal,1,6,57
0.0,10,1,linear,1,5,57
0.0,10,1,mlp,1,6,57
0.0,10,2,cardinal,1,5,56
0.0,10,2,linear,1,5,56
0.0,10,2,mlp,1,5,56
0.0,10,3,cardinal,1,9,51
0.0,10,3,linear,1,9,51
0.0,10,3,mlp,1,11,51
0.0,10,4,cardinal,1,12,46
0.0,10,4,linear,1,10,46
0.0,10,4,mlp,1,9,46
0.0,10,5,cardinal,1,6,55
0.0,10,5,linear,1,6,55
0.0,10,5,mlp,1,6,55
0.0,10,6,cardinal,1,4,63
0.0,10,6,linear,1,4,63
0.0,10,6,mlp,1,4,63
0.0,10,7,cardinal,1,13,69
0.0,10,7,linear,1,13,69
0.0,10,7,mlp,1,14,69
0.0,10,8,cardinal,1,10,54
0.0,10,8,linear,1,9,54
0.0,10,8,mlp,1,10,54
0.0,10,9,cardinal,1,6,52
0.0,10,9,linear,1,6,52
0.0,10,9,mlp,1,6,52
0.0,10,10,cardinal,1,4,64
0.0,10,10,linear,1,3,64
0.0,10,10,mlp,1,3,64
0.0,10,11,cardinal,1,4,46
0.0,10,11,linear,1,4,46
0.0,10,11,mlp,1,4,46
0.0,10,12,cardinal,1,3,58
0.0,10,12,linear,1,3,58
0.0,10,12,mlp,1,3,58
0.0,10,13,cardinal,1,6,49
0.0,10,13,linear,1,6,49
0.0,10,13,mlp,1,6,49
0.0,10,14,cardinal,1,3,47
0.0,10,14,linear,1,3,47
0.0,10,14,mlp,1,3,47
0.0,10,15,cardinal,1,2,44
0.0,10,15,linear,1,2,44
0.0,10,15,mlp,1,2,44
0.0,10,16,cardinal,1,28,54
0.0,10,16,linear,1,11,54
0.0,10,16,mlp,1,10,54
0.0,10,17,cardinal,1,9,56
0.0,10,17,linear,1,10,56
0.0,10,17,mlp,1,10,56
0.0,10,18,cardinal,1,14,50
0.0,10,18,linear,1,14,50
0.0,10,18,mlp,1,26,50
0.0,10,19,cardinal,1,13,49
0.0,10,19,linear,1,12,49
0.0,10,19,mlp,1,17,49
0.0,10,20,cardinal,1,4,48
0.0,10,20,linear,1,4,48
0.0,10,20,mlp,1,4,48
0.0,10,21,cardinal,1,19,64
0.0,10,21,linear,1,19,64
0.0,10,21,mlp,1,56,64
0.0,10,22,cardinal,1,3,68
0.0,10,22,linear,1,3,68
0.0,10,22,mlp,1,3,68
0.0,10,23,cardinal,1,6,69
0.0,10,23,linear,1,6,69
0.0,10,23,mlp,1,7,69
0.0,10,24,cardinal,1,10,58
0.0,10,24,linear,1,10,58
0.0,10,24,mlp,1,9,58
0.0,10,25,cardinal,1,4,54
0.0,10,25,linear,1,4,54
0.0,10,25,mlp,1,3,54
0.0,10,26,cardinal,1,5,48
0.0,10,26,linear,1,6,48
0.0,10,26,mlp,1,5,48
0.0,10,27,cardinal,1,6,55
0.0,10,27,linear,1,6,55
0.0,10,27,mlp,1,7,55
0.0,10,28,cardinal,1,27,52
0.0,10,28,linear,1,20,52
0.0,10,28,mlp,1,54,52
0.0,10,29,cardinal,1,4,61
0.0,10,29,linear,1,4,61
0.0,10,29,mlp,1,4,61
0.0,10,30,cardinal,1,6,62
0.0,10,30,linear,1,7,62
0.0,10,30,mlp,1,7,62
0.0,10,31,cardinal,1,20,59
0.0,10,31,linear,1,16,59
0.0,10,31,mlp,1,22,59
0.0,10,32,cardinal,1,5,56
0.0,10,32,linear,1,5,56
0.0,10,32,mlp,1,5,56
0.0,10,33,cardinal,1,2,53
0.0,10,33,linear,1,2,53
0.0,10,33,mlp,1,2,53
0.0,10,34,cardinal,1,8,58
0.0,10,34,linear,1,8,58
0.0,10,34,mlp,1,9,58
0.0,10,35,cardinal,1,5,60
0.0,10,35,linear,1,5,60
0.0,10,35,mlp,1,6,60
0.0,10,36,cardinal,1,4,53
0.0,10,36,linear,1,4,53
0.0,10,36,mlp,1,6,53
0.0,10,37,cardinal,1,7,58
0.0,10,37,linear,1,7,58
0.0,10,37,mlp,1,8,58
0.0,10,38,cardinal,1,24,46
0.0,10,38,linear,1,24,46
0.0,10,38,mlp,1,13,46
0.0,10,39,cardinal,1,19,62
0.0,10,39,linear,1,20,62
0.0,10,39,mlp,1,14,62
0.0,10,40,cardinal,1,39,58
0.0,10,40,linear,1,61,58
0.0,10,40,mlp,1,289,58
0.0,10,41,cardinal,1,6,54
0.0,10,41,linear,1,6,54
0.0,10,41,mlp,1,6,54
0.0,10,42,cardinal,1,45,47
0.0,10,42,linear,1,51,47
0.0,10,42,mlp,1,56,47
0.0,10,43,cardinal,1,8,68
0.0,10,43,linear,1,6,68
0.0,10,43,mlp,1,8,68
0.0,10,44,cardinal,1,27,48
0.0,10,44,linear,1,33,48
0.0,10,44,mlp,1,40,48
0.0,10,45,cardinal,1,7,64
0.0,10,45,linear,1,8,64
0.0,10,45,mlp,1,7,64
0.0,10,46,cardinal,1,11,59
0.0,10,46,linear,1,9,59
0.0,10,46,mlp,1,8,59
0.0,10,47,cardinal,1,6,54
0.0,10,47,linear,1,8,54
0.0,10,47,mlp,1,8,54
0.0,10,48,cardinal,1,8,60
0.0,10,48,linear,1,8,60
0.0,10,48,mlp,1,12,60
0.0,10,49,cardinal,1,4,63
0.0,10,49,linear,1,5,63
0.0,10,49,mlp,1,4,63
0.0,10,50,cardinal,1,4,50
0.0,10,50,linear,1,4,50
0.0,10,50,mlp,1,4,50
0.0,10,51,cardinal,1,18,48
0.0,10,51,linear,1,18,48
0.0,10,51,mlp,1,15,48
0.0,10,52,cardinal,1,5,53
0.0,10,52,linear,1,5,53
0.0,10,52,mlp,1,7,53
0.0,10,53,cardinal,1,5,53
0.0,10,53,linear,1,5,53
0.0,10,53,mlp,1,6,53
0.0,10,54,cardinal,1,9,51
0.0,10,54,linear,1,6,51
0.0,10,54,mlp,1,6,51
0.0,10,55,cardinal,1,5,59
0.0,10,55,linear,1,5,59
0.0,10,55,mlp,1,5,59
0.0,10,56,cardinal,1,12,51
0.0,10,56,linear,1,12,51
0.0,10,56,mlp,1,12,51
0.0,10,57,cardinal,1,10,50
0.0,10,57,linear,1,8,50
0.0,10,57,mlp,1,9,50
0.0,10,58,cardinal,1,324,58
0.0,10,58,linear,1,79,58
0.0,10,58,mlp,1,67,58
0.0,10,59,cardinal,1,18,58
0.0,10,59,linear,1,16,58
0.0,10,59,mlp,1,16,58
0.0,10,60,cardinal,1,9,53
0.0,10,60,linear,1,10,53
0.0,10,60,mlp,1,13,53
0.0,10,61,cardinal,1,20,50
0.0,10,61,linear,1,20,50
0.0,10,61,mlp,1,20,50
0.0,10,62,cardinal,1,3,55
0.0,10,62,linear,1,4,55
0.0,10,62,mlp,1,4,55
0.0,10,63,cardinal,1,12,48
0.0,10,63,linear,1,8,48
0.0,10,63,mlp,1,7,48
0.0,10,64,cardinal,1,10,48
0.0,10,64,linear,1,17,48
0.0,10,64,mlp,1,17,48
0.0,10,65,cardinal,1,16,43
0.0,10,65,linear,1,11,43
0.0,10,65,mlp,1,11,43
0.0,10,66,cardinal,1,8,74
0.0,10,66,linear,1,7,74
0.0,10,66,mlp,1,7,74
0.0,10,67,cardinal,1,2,34
0.0,10,67,linear,1,2,34
0.0,10,67,mlp,1,2,34
0.0,10,68,cardinal,1,33,63
0.0,10,68,linear,1,16,63
0.0,10,68,mlp,1,19,63
0.0,10,69,cardinal,1,7,41
0.0,10,69,linear,1,7,41
0.0,10,69,mlp,1,7,41
0.0,10,70,cardinal,1,4,46
0.0,10,70,linear,1,5,46
0.0,10,70,mlp,1,5,46
0.0,10,71,cardinal,1,209,62
0.0,10,71,linear,1,66,62
0.0,10,71,mlp,1,133,62
0.0,10,72,cardinal,1,6,60
0.0,10,72,linear,1,6,60
0.0,10,72,mlp,1,9,60
0.0,10,73,cardinal,1,5,63
0.0,10,73,linear,1,5,63
0.0,10,73,mlp,1,5,63
0.0,10,74,cardinal,1,7,59
0.0,10,74,linear,1,6,59
0.0,10,74,mlp,1,8,59
0.0,10,75,cardinal,1,204,63
0.0,10,75,linear,1,84,63
0.0,10,75,mlp,1,359,63
0.0,10,76,cardinal,1,1,46
0.0,10,76,linear,1,1,46
0.0,10,76,mlp,1,1,46
0.0,10,77,cardinal,1,7,63
0.0,10,77,linear,1,8,63
0.0,10,77,mlp,1,7,63
0.0,10,78,cardinal,1,4,51
0.0,10,78,linear,1,4,51
0.0,10,78,mlp,1,4,51
0.0,10,79,cardinal,1,10,53
0.0,10,79,linear,1,8,53
0.0,10,79,mlp,1,9,53
0.0,12,0,cardinal,1,4,63
0.0,12,0,linear,1,4,63
0.0,12,0,mlp,1,4,63
0.0,12,1,cardinal,1,18,73
0.0,12,1,linear,1,13,73
0.0,12,1,mlp,1,11,73
0.0,12,2,cardinal,1,9,62
0.0,12,2,linear,1,9,62
0.0,12,2,mlp,1,9,62
0.0,12,3,cardinal,1,9,65
0.0,12,3,linear,1,9,65
0.0,12,3,mlp,1,14,65
0.0,12,4,cardinal,1,66,55
0.0,12,4,linear,1,14,55
0.0,12,4,mlp,1,30,55
0.0,12,5,cardinal,1,12,62
0.0,12,5,linear,1,13,62
0.0,12,5,mlp,1,16,62
0.0,12,6,cardinal,1,5,76
0.0,12,6,linear,1,5,76
0.0,12,6,mlp,1,5,76
0.0,12,7,cardinal,1,15,77
0.0,12,7,linear,1,15,77
0.0,12,7,mlp,1,17,77
0.0,12,8,cardinal,1,60,64
0.0,12,8,linear,1,107,64
0.0,12,8,mlp,1,184,64
0.0,12,9,cardinal,1,15,65
0.0,12,9,linear,1,15,65
0.0,12,9,mlp,1,15,65
0.0,12,10,cardinal,1,32,76
0.0,12,10,linear,1,26,76
0.0,12,10,mlp,1,299,76
0.0,12,11,cardinal,1,7,53
0.0,12,11,linear,1,9,53
0.0,12,11,mlp,1,7,53
0.0,12,12,cardinal,1,14,69
0.0,12,12,linear,1,16,69
0.0,12,12,mlp,1,15,69
0.0,12,13,cardinal,1,26,64
0.0,12,13,linear,1,18,64
0.0,12,13,mlp,1,18,64
0.0,12,14,cardinal,1,9,57
0.0,12,14,linear,1,8,57
0.0,12,14,mlp,1,9,57
0.0,12,15,cardinal,1,4,53
0.0,12,15,linear,1,4,53
0.0,12,15,mlp,1,4,53
0.0,12,16,cardinal,1,39,57
0.0,12,16,linear,1,12,57
0.0,12,16,mlp,1,12,57
0.0,12,17,cardinal,1,18,70
0.0,12,17,linear,1,18,70
0.0,12,17,mlp,1,17,70
0.0,12,18,cardinal,1,18,59
0.0,12,18,linear,1,18,59
0.0,12,18,mlp,1,30,59
0.0,12,19,cardinal,1,17,64
0.0,12,19,linear,1,17,64
0.0,12,19,mlp,1,15,64
0.0,12,20,cardinal,1,7,57
0.0,12,20,linear,1,6,57
0.0,12,20,mlp,1,6,57
0.0,12,21,cardinal,1,22,82
0.0,12,21,linear,1,22,82
0.0,12,21,mlp,1,27,82
0.0,12,22,cardinal,1,113,78
0.0,12,22,linear,1,32,78
0.0,12,22,mlp,1,20,78
0.0,12,23,cardinal,1,14,80
0.0,12,23,linear,1,16,80
0.0,12,23,mlp,1,16,80
0.0,12,24,cardinal,1,16,71
0.0,12,24,linear,1,17,71
0.0,12,24,mlp,1,15,71
0.0,12,25,cardinal,1,7,62
0.0,12,25,linear,1,7,62
0.0,12,25,mlp,1,7,62
0.0,12,26,cardinal,1,6,61
0.0,12,26,linear,1,7,61
0.0,12,26,mlp,1,6,61
0.0,12,27,cardinal,1,29,70
0.0,12,27,linear,1,21,70
0.0,12,27,mlp,1,23,70
0.0,12,28,cardinal,1,59,60
0.0,12,28,linear,1,42,60
0.0,12,28,mlp,1,166,60
0.0,12,29,cardinal,1,4,70
0.0,12,29,linear,1,6,70
0.0,12,29,mlp,1,4,70
0.0,12,30,cardinal,1,9,75
0.0,12,30,linear,1,12,75
0.0,12,30,mlp,1,10,75
0.0,12,31,cardinal,1,31,69
0.0,12,31,linear,1,29,69
0.0,12,31,mlp,1,30,69
0.0,12,32,cardinal,1,7,63
0.0,12,32,linear,1,6,63
0.0,12,32,mlp,1,7,63
0.0,12,33,cardinal,1,5,68
0.0,12,33,linear,1,5,68
0.0,12,33,mlp,1,6,68
0.0,12,34,cardinal,1,12,69
0.0,12,34,linear,1,12,69
0.0,12,34,mlp,1,14,69
0.0,12,35,cardinal,1,5,78
0.0,12,35,linear,1,5,78
0.0,12,35,mlp,1,7,78
0.0,12,36,cardinal,1,5,66
0.0,12,36,linear,1,6,66
0.0,12,36,mlp,1,7,66
0.0,12,37,cardinal,1,10,69
0.0,12,37,linear,1,10,69
0.0,12,37,mlp,1,10,69
0.0,12,38,cardinal,1,24,56
0.0,12,38,linear,1,24,56
0.0,12,38,mlp,1,13,56
0.0,12,39,cardinal,1,23,79
0.0,12,39,linear,1,25,79
0.0,12,39,mlp,1,38,79
0.0,12,40,cardinal,1,400,70
0.0,12,40,linear,1,254,70
0.0,12,40,mlp,1,743,70
0.0,12,41,cardinal,1,10,64
0.0,12,41,linear,1,9,64
0.0,12,41,mlp,1,12,64
0.0,12,42,cardinal,1,192,60
0.0,12,42,linear,1,52,60
0.0,12,42,mlp,1,249,60
0.0,12,43,cardinal,1,11,74
0.0,12,43,linear,1,9,74
0.0,12,43,mlp,1,11,74
0.0,12,44,cardinal,1,34,58
0.0,12,44,linear,1,39,58
0.0,12,44,mlp,1,43,58
0.0,12,45,cardinal,1,12,75
0.0,12,45,linear,1,12,75
0.0,12,45,mlp,1,10,75
0.0,12,46,cardinal,1,12,70
0.0,12,46,linear,1,10,70
0.0,12,46,mlp,1,9,70
0.0,12,47,cardinal,1,10,62
0.0,12,47,linear,1,11,62
0.0,12,47,mlp,1,9,62
0.0,12,48,cardinal,1,24,70
0.0,12,48,linear,1,15,70
0.0,12,48,mlp,1,14,70
0.0,12,49,cardinal,1,14,74
0.0,12,49,linear,1,13,74
0.0,12,49,mlp,1,12,74
0.0,12,50,cardinal,1,6,62
0.0,12,50,linear,1,6,62
0.0,12,50,mlp,1,6,62
0.0,12,51,cardinal,1,18,59
0.0,12,51,linear,1,18,59
0.0,12,51,mlp,1,15,59
0.0,12,52,cardinal,1,28,70
0.0,12,52,linear,1,29,70
0.0,12,52,mlp,1,53,70
0.0,12,53,cardinal,1,6,67
0.0,12,53,linear,1,7,67
0.0,12,53,mlp,1,6,67
0.0,12,54,cardinal,1,28,65
0.0,12,54,linear,1,25,65
0.0,12,54,mlp,1,34,65
0.0,12,55,cardinal,1,6,70
0.0,12,55,linear,1,6,70
0.0,12,55,mlp,1,6,70
0.0,12,56,cardinal,1,33,73
0.0,12,56,linear,1,23,73
0.0,12,56,mlp,1,49,73
0.0,12,57,cardinal,1,20,59
0.0,12,57,linear,1,15,59
0.0,12,57,mlp,1,21,59
0.0,12,58,cardinal,1,314,65
0.0,12,58,linear,1,91,65
0.0,12,58,mlp,1,63,65
0.0,12,59,cardinal,1,18,66
0.0,12,59,linear,1,17,66
0.0,12,59,mlp,1,18,66
0.0,12,60,cardinal,1,44,61
0.0,12,60,linear,1,51,61
0.0,12,60,mlp,1,43,61
0.0,12,61,cardinal,1,27,60
0.0,12,61,linear,1,18,60
0.0,12,61,mlp,1,22,60
0.0,12,62,cardinal,1,3,65
0.0,12,62,linear,1,4,65
0.0,12,62,mlp,1,4,65
0.0,12,63,cardinal,1,25,58
0.0,12,63,linear,1,13,58
0.0,12,63,mlp,1,26,58
0.0,12,64,cardinal,1,245,61
0.0,12,64,linear,1,269,61
0.0,12,64,mlp,1,574,61
0.0,12,65,cardinal,1,22,52
0.0,12,65,linear,1,11,52
0.0,12,65,mlp,1,11,52
0.0,12,66,cardinal,1,11,85
0.0,12,66,linear,1,10,85
0.0,12,66,mlp,1,9,85
0.0,12,67,cardinal,1,3,48
0.0,12,67,linear,1,3,48
0.0,12,67,mlp,1,3,48
0.0,12,68,cardinal,1,46,69
0.0,12,68,linear,1,18,69
0.0,12,68,mlp,1,21,69
0.0,12,69,cardinal,1,248,56
0.0,12,69,linear,1,46,56
0.0,12,69,mlp,1,144,56
0.0,12,70,cardinal,1,9,50
0.0,12,70,linear,1,12,50
0.0,12,70,mlp,1,12,50
0.0,12,71,cardinal,1,209,74
0.0,12,71,linear,1,101,74
0.0,12,71,mlp,1,169,74
0.0,12,72,cardinal,1,11,70
0.0,12,72,linear,1,10,70
0.0,12,72,mlp,1,23,70
0.0,12,73,cardinal,1,8,77
0.0,12,73,linear,1,8,77
0.0,12,73,mlp,1,8,77
0.0,12,74,cardinal,1,112,73
0.0,12,74,linear,1,36,73
0.0,12,74,mlp,1,689,73
0.0,12,75,cardinal,1,106,76
0.0,12,75,linear,1,49,76
0.0,12,75,mlp,1,280,76
0.0,12,76,cardinal,1,3,62
0.0,12,76,linear,1,3,62
0.0,12,76,mlp,1,3,62
0.0,12,77,cardinal,1,152,71
0.0,12,77,linear,1,73,71
0.0,12,77,mlp,1,70,71
0.0,12,78,cardinal,1,7,63
0.0,12,78,linear,1,7,63
0.0,12,78,mlp,1,7,63
0.0,12,79,cardinal,1,14,71
0.0,12,79,linear,1,12,71
0.0,12,79,mlp,1,13,71
0.0,14,0,cardinal,1,10,75
0.0,14,0,linear,1,10,75
0.0,14,0,mlp,1,11,75
0.0,14,1,cardinal,1,19,86
0.0,14,1,linear,1,14,86
0.0,14,1,mlp,1,12,86
0.0,14,2,cardinal,1,15,74
0.0,14,2,linear,1,18,74
0.0,14,2,mlp,1,16,74
0.0,14,3,cardinal,1,12,76
0.0,14,3,linear,1,11,76
0.0,14,3,mlp,1,11,76
0.0,14,4,cardinal,1,65,66
0.0,14,4,linear,1,14,66
0.0,14,4,mlp,1,30,66
0.0,14,5,cardinal,1,88,80
0.0,14,5,linear,1,37,80
0.0,14,5,mlp,1,62,80
0.0,14,6,cardinal,1,13,82
0.0,14,6,linear,1,13,82
0.0,14,6,mlp,1,13,82
0.0,14,7,cardinal,1,100,86
0.0,14,7,linear,1,288,86
0.0,14,7,mlp,1,415,86
0.0,14,8,cardinal,1,231,79
0.0,14,8,linear,1,321,79
0.0,14,8,mlp,1,449,79
0.0,14,9,cardinal,1,21,73
0.0,14,9,linear,1,18,73
0.0,14,9,mlp,1,31,73
0.0,14,10,cardinal,1,27,84
0.0,14,10,linear,1,34,84
0.0,14,10,mlp,1,65,84
0.0,14,11,cardinal,1,9,56
0.0,14,11,linear,1,9,56
0.0,14,11,mlp,1,9,56
0.0,14,12,cardinal,1,16,78
0.0,14,12,linear,1,18,78
0.0,14,12,mlp,1,14,78
0.0,14,13,cardinal,1,38,79
0.0,14,13,linear,1,40,79
0.0,14,13,mlp,1,35,79
0.0,14,14,cardinal,1,25,64
0.0,14,14,linear,1,20,64
0.0,14,14,mlp,1,83,64
0.0,14,15,cardinal,1,5,61
0.0,14,15,linear,1,5,61
0.0,14,15,mlp,1,5,61
0.0,14,16,cardinal,1,39,65
0.0,14,16,linear,1,14,65
0.0,14,16,mlp,1,19,65
0.0,14,17,cardinal,1,24,87
0.0,14,17,linear,1,22,87
0.0,14,17,mlp,1,18,87
0.0,14,18,cardinal,1,27,75
0.0,14,18,linear,1,23,75
0.0,14,18,mlp,1,316,75
0.0,14,19,cardinal,1,141,74
0.0,14,19,linear,1,49,74
0.0,14,19,mlp,1,67,74
0.0,14,20,cardinal,1,907,74
0.0,14,20,linear,1,78,74
0.0,14,20,mlp,1,215,74
0.0,14,21,cardinal,1,21,89
0.0,14,21,linear,1,38,89
0.0,14,21,mlp,1,36,89
0.0,14,22,cardinal,1,46,89
0.0,14,22,linear,1,40,89
0.0,14,22,mlp,1,22,89
0.0,14,23,cardinal,1,113,92
0.0,14,23,linear,1,41,92
0.0,14,23,mlp,1,28,92
0.0,14,24,cardinal,1,18,79
0.0,14,24,linear,1,20,79
0.0,14,24,mlp,1,15,79
0.0,14,25,cardinal,1,9,72
0.0,14,25,linear,1,10,72
0.0,14,25,mlp,1,10,72
0.0,14,26,cardinal,1,10,72
0.0,14,26,linear,1,11,72
0.0,14,26,mlp,1,12,72
0.0,14,27,cardinal,1,26,79
0.0,14,27,linear,1,22,79
0.0,14,27,mlp,1,21,79
0.0,14,28,cardinal,1,68,72
0.0,14,28,linear,1,45,72
0.0,14,28,mlp,1,429,72
0.0,14,29,cardinal,1,6,82
0.0,14,29,linear,1,7,82
0.0,14,29,mlp,1,6,82
0.0,14,30,cardinal,1,9,82
0.0,14,30,linear,1,12,82
0.0,14,30,mlp,1,10,82
0.0,14,31,cardinal,1,32,75
0.0,14,31,linear,1,36,75
0.0,14,31,mlp,1,28,75
0.0,14,32,cardinal,1,11,79
0.0,14,32,linear,1,10,79
0.0,14,32,mlp,1,10,79
0.0,14,33,cardinal,1,11,73
0.0,14,33,linear,1,12,73
0.0,14,33,mlp,1,12,73
0.0,14,34,cardinal,1,15,78
0.0,14,34,linear,1,16,78
0.0,14,34,mlp,1,16,78
0.0,14,35,cardinal,1,35,89
0.0,14,35,linear,1,15,89
0.0,14,35,mlp,1,22,89
0.0,14,36,cardinal,1,15,78
0.0,14,36,linear,1,13,78
0.0,14,36,mlp,1,15,78
0.0,14,37,cardinal,1,14,72
0.0,14,37,linear,1,13,72
0.0,14,37,mlp,1,19,72
0.0,14,38,cardinal,1,39,71
0.0,14,38,linear,1,60,71
0.0,14,38,mlp,1,67,71
0.0,14,39,cardinal,1,23,93
0.0,14,39,linear,1,25,93
0.0,14,39,mlp,1,38,93
0.0,14,40,cardinal,1,158,78
0.0,14,40,linear,1,85,78
0.0,14,40,mlp,1,122,78
0.0,14,41,cardinal,1,12,78
0.0,14,41,linear,1,12,78
0.0,14,41,mlp,1,10,78
0.0,14,42,cardinal,1,498,79
0.0,14,42,linear,1,185,79
0.0,14,42,mlp,1,1049,79
0.0,14,43,cardinal,1,38,81
0.0,14,43,linear,1,30,81
0.0,14,43,mlp,1,24,81
0.0,14,44,cardinal,1,34,62
0.0,14,44,linear,1,39,62
0.0,14,44,mlp,1,45,62
0.0,14,45,cardinal,1,12,85
0.0,14,45,linear,1,11,85
0.0,14,45,mlp,1,12,85
0.0,14,46,cardinal,1,445,79
0.0,14,46,linear,1,163,79
0.0,14,46,mlp,1,211,79
0.0,14,47,cardinal,1,16,73
0.0,14,47,linear,1,14,73
0.0,14,47,mlp,1,14,73
0.0,14,48,cardinal,1,32,78
0.0,14,48,linear,1,20,78
0.0,14,48,mlp,1,20,78
0.0,14,49,cardinal,1,14,84
0.0,14,49,linear,1,14,84
0.0,14,49,mlp,1,12,84
0.0,14,50,cardinal,1,9,72
0.0,14,50,linear,1,9,72
0.0,14,50,mlp,1,9,72
0.0,14,51,cardinal,1,13,76
0.0,14,51,linear,1,13,76
0.0,14,51,mlp,1,27,76
0.0,14,52,cardinal,1,31,84
0.0,14,52,linear,1,33,84
0.0,14,52,mlp,1,370,84
0.0,14,53,cardinal,1,97,77
0.0,14,53,linear,1,390,77
0.0,14,53,mlp,1,1752,77
0.0,14,54,cardinal,1,23,80
0.0,14,54,linear,1,21,80
0.0,14,54,mlp,1,29,80
0.0,14,55,cardinal,1,18,81
0.0,14,55,linear,1,16,81
0.0,14,55,mlp,1,18,81
0.0,14,56,cardinal,1,180,84
0.0,14,56,linear,1,172,84
0.0,14,56,mlp,1,202,84
0.0,14,57,cardinal,1,25,69
0.0,14,57,linear,1,21,69
0.0,14,57,mlp,1,23,69
0.0,14,58,cardinal,1,349,71
0.0,14,58,linear,1,83,71
0.0,14,58,mlp,1,63,71
0.0,14,59,cardinal,1,69,79
0.0,14,59,linear,1,53,79
0.0,14,59,mlp,1,165,79
0.0,14,60,cardinal,1,340,70
0.0,14,60,linear,1,321,70
0.0,14,60,mlp,1,2286,70
0.0,14,61,cardinal,1,114,71
0.0,14,61,linear,1,70,71
0.0,14,61,mlp,1,234,71
0.0,14,62,cardinal,1,10,77
0.0,14,62,linear,1,14,77
0.0,14,62,mlp,1,13,77
0.0,14,63,cardinal,1,26,65
0.0,14,63,linear,1,19,65
0.0,14,63,mlp,1,34,65
0.0,14,64,cardinal,1,2929,67
0.0,14,64,linear,1,2255,67
0.0,14,64,mlp,1,6926,67
0.0,14,65,cardinal,1,42,63
0.0,14,65,linear,1,21,63
0.0,14,65,mlp,1,27,63
0.0,14,66,cardinal,1,15,94
0.0,14,66,linear,1,12,94
0.0,14,66,mlp,1,16,94
0.0,14,67,cardinal,1,9,62
0.0,14,67,linear,1,9,62
0.0,14,67,mlp,1,10,62
0.0,14,68,cardinal,1,43,85
0.0,14,68,linear,1,21,85
0.0,14,68,mlp,1,26,85
0.0,14,69,cardinal,1,249,61
0.0,14,69,linear,1,38,61
0.0,14,69,mlp,1,46,61
0.0,14,70,cardinal,1,68,59
0.0,14,70,linear,1,27,59
0.0,14,70,mlp,1,73,59
0.0,14,71,cardinal,1,376,85
0.0,14,71,linear,1,160,85
0.0,14,71,mlp,0,8000,
0.0,14,72,cardinal,1,13,77
0.0,14,72,linear,1,13,77
0.0,14,72,mlp,1,24,77
0.0,14,73,cardinal,1,19,88
0.0,14,73,linear,1,20,88
0.0,14,73,mlp,1,42,88
0.0,14,74,cardinal,1,15,81
0.0,14,74,linear,1,14,81
0.0,14,74,mlp,1,69,81
0.0,14,75,cardinal,1,207,85
0.0,14,75,linear,1,97,85
0.0,14,75,mlp,1,4487,85
0.0,14,76,cardinal,1,33,72
0.0,14,76,linear,1,24,72
0.0,14,76,mlp,1,31,72
0.0,14,77,cardinal,0,8000,
0.0,14,77,linear,1,2174,84
0.0,14,77,mlp,1,1882,84
0.0,14,78,cardinal,1,8,76
0.0,14,78,linear,1,9,76
0.0,14,78,mlp,1,8,76
0.0,14,79,cardinal,1,23,89
0.0,14,79,linear,1,19,89
0.0,14,79,mlp,1,19,89
0.1,6,0,cardinal,1,3,31
0.1,6,0,linear,1,3,31
0.1,6,0,mlp,1,3,31
0.1,6,1,cardinal,1,8,42
0.1,6,1,linear,1,7,42
0.1,6,1,mlp,1,9,42
0.1,6,2,cardinal,1,2,27
0.1,6,2,linear,1,2,27
0.1,6,2,mlp,1,2,27
0.1,6,3,cardinal,1,9,37
0.1,6,3,linear,1,10,37
0.1,6,3,mlp,1,10,37
0.1,6,4,cardinal,1,3,33
0.1,6,4,linear,1,3,33
0.1,6,4,mlp,1,3,33
0.1,6,5,cardinal,1,2,38
0.1,6,5,linear,1,2,38
0.1,6,5,mlp,1,2,38
0.1,6,6,cardinal,1,2,26
0.1,6,6,linear,1,2,26
0.1,6,6,mlp,1,2,26
0.1,6,7,cardinal,1,3,37
0.1,6,7,linear,1,3,37
0.1,6,7,mlp,1,3,37
0.1,6,8,cardinal,1,3,30
0.1,6,8,linear,1,3,30
0.1,6,8,mlp,1,3,30
0.1,6,9,cardinal,1,13,34
0.1,6,9,linear,1,10,34
0.1,6,9,mlp,1,13,34
0.1,6,10,cardinal,1,4,36
0.1,6,10,linear,1,5,36
0.1,6,10,mlp,1,5,36
0.1,6,11,cardinal,1,9,30
0.1,6,11,linear,1,9,30
0.1,6,11,mlp,1,9,30
0.1,6,12,cardinal,1,10,30
0.1,6,12,linear,1,12,30
0.1,6,12,mlp,1,11,30
0.1,6,13,cardinal,1,10,39
0.1,6,13,linear,1,10,39
0.1,6,13,mlp,1,10,39
0.1,6,14,cardinal,1,3,33
0.1,6,14,linear,1,2,33
0.1,6,14,mlp,1,3,33
0.1,6,15,cardinal,1,1,27
0.1,6,15,linear,1,1,27
0.1,6,15,mlp,1,1,27
0.1,6,16,cardinal,1,10,33
0.1,6,16,linear,1,10,33
0.1,6,16,mlp,1,10,33
0.1,6,17,cardinal,1,1,34
0.1,6,17,linear,1,1,34
0.1,6,17,mlp,1,1,34
0.1,6,18,cardinal,1,4,33
0.1,6,18,linear,1,4,33
0.1,6,18,mlp,1,4,33
0.1,6,19,cardinal,1,8,29
0.1,6,19,linear,1,8,29
0.1,6,19,mlp,1,7,29
0.1,6,20,cardinal,1,2,32
0.1,6,20,linear,1,2,32
0.1,6,20,mlp,1,2,32
0.1,6,21,cardinal,1,1,27
0.1,6,21,linear,1,1,27
0.1,6,21,mlp,1,1,27
0.1,6,22,cardinal,1,3,33
0.1,6,22,linear,1,3,33
0.1,6,22,mlp,1,3,33
0.1,6,23,cardinal,1,3,23
0.1,6,23,linear,1,3,23
0.1,6,23,mlp,1,3,23
0.1,6,24,cardinal,1,2,44
0.1,6,24,linear,1,2,44
0.1,6,24,mlp,1,2,44
0.1,6,25,cardinal,1,2,35
0.1,6,25,linear,1,2,35
0.1,6,25,mlp,1,2,35
0.1,6,26,cardinal,1,2,25
0.1,6,26,linear,1,2,25
0.1,6,26,mlp,1,2,25
0.1,6,27,cardinal,1,3,24
0.1,6,27,linear,1,3,24
0.1,6,27,mlp,1,3,24
0.1,6,28,cardinal,1,2,34
0.1,6,28,linear,1,2,34
0.1,6,28,mlp,1,2,34
0.1,6,29,cardinal,1,4,34
0.1,6,29,linear,1,4,34
0.1,6,29,mlp,1,4,34
0.1,6,30,cardinal,1,3,36
0.1,6,30,linear,1,3,36
0.1,6,30,mlp,1,3,36
0.1,6,31,cardinal,1,3,33
0.1,6,31,linear,1,3,33
0.1,6,31,mlp,1,3,33
0.1,6,32,cardinal,1,2,37
0.1,6,32,linear,1,2,37
0.1,6,32,mlp,1,2,37
0.1,6,33,cardinal,1,10,27
0.1,6,33,linear,1,10,27
0.1,6,33,mlp,1,10,27
0.1,6,34,cardinal,1,2,32
0.1,6,34,linear,1,2,32
0.1,6,34,mlp,1,2,32
0.1,6,35,cardinal,1,3,24
0.1,6,35,linear,1,3,24
0.1,6,35,mlp,1,3,24
0.1,6,36,cardinal,1,2,34
0.1,6,36,linear,1,2,34
0.1,6,36,mlp,1,2,34
0.1,6,37,cardinal,1,4,28
0.1,6,37,linear,1,4,28
0.1,6,37,mlp,1,4,28
0.1,6,38,cardinal,1,2,21
0.1,6,38,linear,1,2,21
0.1,6,38,mlp,1,2,21
0.1,6,39,cardinal,1,3,41
0.1,6,39,linear,1,3,41
0.1,6,39,mlp,1,3,41
0.1,6,40,cardinal,1,3,40
0.1,6,40,linear,1,3,40
0.1,6,40,mlp,1,3,40
0.1,6,41,cardinal,1,3,27
0.1,6,41,linear,1,3,27
0.1,6,41,mlp,1,3,27
0.1,6,42,cardinal,1,3,39
0.1,6,42,linear,1,3,39
0.1,6,42,mlp,1,3,39
0.1,6,43,cardinal,1,9,34
0.1,6,43,linear,1,9,34
0.1,6,43,mlp,1,9,34
0.1,6,44,cardinal,1,4,41
0.1,6,44,linear,1,4,41
0.1,6,44,mlp,1,5,41
0.1,6,45,cardinal,1,1,27
0.1,6,45,linear,1,1,27
0.1,6,45,mlp,1,1,27
0.1,6,46,cardinal,1,4,42
0.1,6,46,linear,1,4,42
0.1,6,46,mlp,1,4,42
0.1,6,47,cardinal,1,3,44
0.1,6,47,linear,1,3,44
0.1,6,47,mlp,1,3,44
0.1,6,48,cardinal,1,2,35
0.1,6,48,linear,1,2,35
0.1,6,48,mlp,1,2,35
0.1,6,49,cardinal,1,5,41
0.1,6,49,linear,1,5,41
0.1,6,49,mlp,1,5,41
0.1,6,50,cardinal,1,2,25
0.1,6,50,linear,1,2,25
0.1,6,50,mlp,1,2,25
0.1,6,51,cardinal,1,3,34
0.1,6,51,linear,1,3,34
0.1,6,51,mlp,1,3,34
0.1,6,52,cardinal,1,4,30
0.1,6,52,linear,1,4,30
0.1,6,52,mlp,1,4,30
0.1,6,53,cardinal,1,8,42
0.1,6,53,linear,1,8,42
0.1,6,53,mlp,1,8,42
0.1,6,54,cardinal,1,5,41
0.1,6,54,linear,1,7,41
0.1,6,54,mlp,1,5,41
0.1,6,55,cardinal,1,4,31
0.1,6,55,linear,1,4,31
0.1,6,55,mlp,1,4,31
0.1,6,56,cardinal,1,2,35
0.1,6,56,linear,1,2,35
0.1,6,56,mlp,1,2,35
0.1,6,57,cardinal,1,1,22
0.1,6,57,linear,1,1,22
0.1,6,57,mlp,1,1,22
0.1,6,58,cardinal,1,3,44
0.1,6,58,linear,1,3,44
0.1,6,58,mlp,1,4,44
0.1,6,59,cardinal,1,4,45
0.1,6,59,linear,1,4,45
0.1,6,59,mlp,1,4,45
0.1,6,60,cardinal,1,3,45
0.1,6,60,linear,1,3,45
0.1,6,60,mlp,1,3,45
0.1,6,61,cardinal,1,8,34
0.1,6,61,linear,1,8,34
0.1,6,61,mlp,1,8,34
0.1,6,62,cardinal,1,7,36
0.1,6,62,linear,1,7,36
0.1,6,62,mlp,1,7,36
0.1,6,63,cardinal,1,9,37
0.1,6,63,linear,1,9,37
0.1,6,63,mlp,1,9,37
0.1,6,64,cardinal,1,3,25
0.1,6,64,linear,1,3,25
0.1,6,64,mlp,1,3,25
0.1,6,65,cardinal,1,3,21
0.1,6,65,linear,1,3,21
0.1,6,65,mlp,1,3,21
0.1,6,66,cardinal,1,4,39
0.1,6,66,linear,1,4,39
0.1,6,66,mlp,1,6,39
0.1,6,67,cardinal,1,5,34
0.1,6,67,linear,1,5,34
0.1,6,67,mlp,1,5,34
0.1,6,68,cardinal,1,7,44
0.1,6,68,linear,1,7,44
0.1,6,68,mlp,1,7,44
0.1,6,69,cardinal,1,2,31
0.1,6,69,linear,1,2,31
0.1,6,69,mlp,1,2,31
0.1,6,70,cardinal,1,4,34
0.1,6,70,linear,1,4,34
0.1,6,70,mlp,1,4,34
0.1,6,71,cardinal,1,8,35
0.1,6,71,linear,1,11,35
0.1,6,71,mlp,1,27,35
0.1,6,72,cardinal,1,3,27
0.1,6,72,linear,1,3,27
0.1,6,72,mlp,1,3,27
0.1,6,73,cardinal,1,1,23
0.1,6,73,linear,1,1,23
0.1,6,73,mlp,1,1,23
0.1,6,74,cardinal,1,2,24
0.1,6,74,linear,1,2,24
0.1,6,74,mlp,1,2,24
0.1,6,75,cardinal,1,6,30
0.1,6,75,linear,1,5,30
0.1,6,75,mlp,1,4,30
0.1,6,76,cardinal,1,4,34
0.1,6,76,linear,1,4,34
0.1,6,76,mlp,1,4,34
0.1,6,77,cardinal,1,2,29
0.1,6,77,linear,1,2,29
0.1,6,77,mlp,1,2,29
0.1,6,78,cardinal,1,5,41
0.1,6,78,linear,1,5,41
0.1,6,78,mlp,1,6,41
0.1,6,79,cardinal,1,5,31
0.1,6,79,linear,1,5,31
0.1,6,79,mlp,1,5,31
0.1,8,0,cardinal,1,7,45
0.1,8,0,linear,1,8,45
0.1,8,0,mlp,1,8,45
0.1,8,1,cardinal,1,9,61
0.1,8,1,linear,1,8,61
0.1,8,1,mlp,1,12,61
0.1,8,2,cardinal,1,3,33
0.1,8,2,linear,1,3,33
0.1,8,2,mlp,1,3,33
0.1,8,3,cardinal,1,25,50
0.1,8,3,linear,1,22,50
0.1,8,3,mlp,1,20,50
0.1,8,4,cardinal,1,7,46
0.1,8,4,linear,1,7,46
0.1,8,4,mlp,1,7,46
0.1,8,5,cardinal,1,20,57
0.1,8,5,linear,1,14,57
0.1,8,5,mlp,1,20,57
0.1,8,6,cardinal,1,3,40
0.1,8,6,linear,1,3,40
0.1,8,6,mlp,1,3,40
0.1,8,7,cardinal,1,6,47
0.1,8,7,linear,1,6,47
0.1,8,7,mlp,1,7,47
0.1,8,8,cardinal,1,7,41
0.1,8,8,linear,1,7,41
0.1,8,8,mlp,1,11,41
0.1,8,9,cardinal,1,12,45
0.1,8,9,linear,1,12,45
0.1,8,9,mlp,1,17,45
0.1,8,10,cardinal,1,16,53
0.1,8,10,linear,1,17,53
0.1,8,10,mlp,1,21,53
0.1,8,11,cardinal,1,13,40
0.1,8,11,linear,1,13,40
0.1,8,11,mlp,1,13,40
0.1,8,12,cardinal,1,12,42
0.1,8,12,linear,1,13,42
0.1,8,12,mlp,1,14,42
0.1,8,13,cardinal,1,33,52
0.1,8,13,linear,1,22,52
0.1,8,13,mlp,1,17,52
0.1,8,14,cardinal,1,6,49
0.1,8,14,linear,1,5,49
0.1,8,14,mlp,1,6,49
0.1,8,15,cardinal,1,1,36
0.1,8,15,linear,1,1,36
0.1,8,15,mlp,1,1,36
0.1,8,16,cardinal,1,10,45
0.1,8,16,linear,1,10,45
0.1,8,16,mlp,1,10,45
0.1,8,17,cardinal,1,10,46
0.1,8,17,linear,1,10,46
0.1,8,17,mlp,1,10,46
0.1,8,18,cardinal,1,6,48
0.1,8,18,linear,1,6,48
0.1,8,18,mlp,1,6,48
0.1,8,19,cardinal,1,9,40
0.1,8,19,linear,1,9,40
0.1,8,19,mlp,1,8,40
0.1,8,20,cardinal,1,2,38
0.1,8,20,linear,1,2,38
0.1,8,20,mlp,1,2,38
0.1,8,21,cardinal,1,24,46
0.1,8,21,linear,1,25,46
0.1,8,21,mlp,1,38,46
0.1,8,22,cardinal,1,4,47
0.1,8,22,linear,1,4,47
0.1,8,22,mlp,1,4,47
0.1,8,23,cardinal,1,8,41
0.1,8,23,linear,1,8,41
0.1,8,23,mlp,1,8,41
0.1,8,24,cardinal,1,6,61
0.1,8,24,linear,1,7,61
0.1,8,24,mlp,1,8,61
0.1,8,25,cardinal,1,2,46
0.1,8,25,linear,1,2,46
0.1,8,25,mlp,1,2,46
0.1,8,26,cardinal,1,18,38
0.1,8,26,linear,1,13,38
0.1,8,26,mlp,1,18,38
0.1,8,27,cardinal,1,9,42
0.1,8,27,linear,1,9,42
0.1,8,27,mlp,1,10,42
0.1,8,28,cardinal,1,5,49
0.1,8,28,linear,1,4,49
0.1,8,28,mlp,1,5,49
0.1,8,29,cardinal,1,4,43
0.1,8,29,linear,1,4,43
0.1,8,29,mlp,1,4,43
0.1,8,30,cardinal,1,20,47
0.1,8,30,linear,1,18,47
0.1,8,30,mlp,1,21,47
0.1,8,31,cardinal,1,34,52
0.1,8,31,linear,1,31,52
0.1,8,31,mlp,1,32,52
0.1,8,32,cardinal,1,3,50
0.1,8,32,linear,1,3,50
0.1,8,32,mlp,1,5,50
0.1,8,33,cardinal,1,325,37
0.1,8,33,linear,1,226,37
0.1,8,33,mlp,1,446,37
0.1,8,34,cardinal,1,4,42
0.1,8,34,linear,1,4,42
0.1,8,34,mlp,1,4,42
0.1,8,35,cardinal,1,4,33
0.1,8,35,linear,1,4,33
0.1,8,35,mlp,1,4,33
0.1,8,36,cardinal,1,4,44
0.1,8,36,linear,1,5,44
0.1,8,36,mlp,1,5,44
0.1,8,37,cardinal,1,7,41
0.1,8,37,linear,1,7,41
0.1,8,37,mlp,1,7,41
0.1,8,38,cardinal,1,3,32
0.1,8,38,linear,1,3,32
0.1,8,38,mlp,1,3,32
0.1,8,39,cardinal,1,3,53
0.1,8,39,linear,1,3,53
0.1,8,39,mlp,1,3,53
0.1,8,40,cardinal,1,3,52
0.1,8,40,linear,1,3,52
0.1,8,40,mlp,1,3,52
0.1,8,41,cardinal,1,5,43
0.1,8,41,linear,1,5,43
0.1,8,41,mlp,1,5,43
0.1,8,42,cardinal,1,7,51
0.1,8,42,linear,1,7,51
0.1,8,42,mlp,1,7,51
0.1,8,43,cardinal,1,9,41
0.1,8,43,linear,1,9,41
0.1,8,43,mlp,1,9,41
0.1,8,44,cardinal,1,4,50
0.1,8,44,linear,1,4,50
0.1,8,44,mlp,1,5,50
0.1,8,45,cardinal,1,2,41
0.1,8,45,linear,1,2,41
0.1,8,45,mlp,1,2,41
0.1,8,46,cardinal,1,7,57
0.1,8,46,linear,1,7,57
0.1,8,46,mlp,1,7,57
0.1,8,47,cardinal,1,3,53
0.1,8,47,linear,1,3,53
0.1,8,47,mlp,1,3,53
0.1,8,48,cardinal,1,3,45
0.1,8,48,linear,1,3,45
0.1,8,48,mlp,1,3,45
0.1,8,49,cardinal,1,16,53
0.1,8,49,linear,1,16,53
0.1,8,49,mlp,1,14,53
0.1,8,50,cardinal,1,7,46
0.1,8,50,linear,1,7,46
0.1,8,50,mlp,1,7,46
0.1,8,51,cardinal,1,3,44
0.1,8,51,linear,1,3,44
0.1,8,51,mlp,1,4,44
0.1,8,52,cardinal,1,8,48
0.1,8,52,linear,1,8,48
0.1,8,52,mlp,1,16,48
0.1,8,53,cardinal,1,11,49
0.1,8,53,linear,1,10,49
0.1,8,53,mlp,1,10,49
0.1,8,54,cardinal,1,122,51
0.1,8,54,linear,1,133,51
0.1,8,54,mlp,1,219,51
0.1,8,55,cardinal,1,6,40
0.1,8,55,linear,1,6,40
0.1,8,55,mlp,1,6,40
0.1,8,56,cardinal,1,54,47
0.1,8,56,linear,1,13,47
0.1,8,56,mlp,1,9,47
0.1,8,57,cardinal,1,1,31
0.1,8,57,linear,1,1,31
0.1,8,57,mlp,1,1,31
0.1,8,58,cardinal,1,9,56
0.1,8,58,linear,1,9,56
0.1,8,58,mlp,1,9,56
0.1,8,59,cardinal,1,5,56
0.1,8,59,linear,1,5,56
0.1,8,59,mlp,1,5,56
0.1,8,60,cardinal,1,3,52
0.1,8,60,linear,1,3,52
0.1,8,60,mlp,1,3,52
0.1,8,61,cardinal,1,7,53
0.1,8,61,linear,1,7,53
0.1,8,61,mlp,1,7,53
0.1,8,62,cardinal,1,10,44
0.1,8,62,linear,1,9,44
0.1,8,62,mlp,1,8,44
0.1,8,63,cardinal,1,9,45
0.1,8,63,linear,1,10,45
0.1,8,63,mlp,1,9,45
0.1,8,64,cardinal,1,3,34
0.1,8,64,linear,1,3,34
0.1,8,64,mlp,1,3,34
0.1,8,65,cardinal,1,12,36
0.1,8,65,linear,1,12,36
0.1,8,65,mlp,1,47,36
0.1,8,66,cardinal,1,9,55
0.1,8,66,linear,1,10,55
0.1,8,66,mlp,1,10,55
0.1,8,67,cardinal,1,5,48
0.1,8,67,linear,1,5,48
0.1,8,67,mlp,1,5,48
0.1,8,68,cardinal,1,11,53
0.1,8,68,linear,1,10,53
0.1,8,68,mlp,1,10,53
0.1,8,69,cardinal,1,3,46
0.1,8,69,linear,1,3,46
0.1,8,69,mlp,1,3,46
0.1,8,70,cardinal,1,5,44
0.1,8,70,linear,1,5,44
0.1,8,70,mlp,1,7,44
0.1,8,71,cardinal,1,9,42
0.1,8,71,linear,1,12,42
0.1,8,71,mlp,1,28,42
0.1,8,72,cardinal,1,12,40
0.1,8,72,linear,1,12,40
0.1,8,72,mlp,1,12,40
0.1,8,73,cardinal,1,1,30
0.1,8,73,linear,1,1,30
0.1,8,73,mlp,1,1,30
0.1,8,74,cardinal,1,3,33
0.1,8,74,linear,1,3,33
0.1,8,74,mlp,1,3,33
0.1,8,75,cardinal,1,6,41
0.1,8,75,linear,1,5,41
0.1,8,75,mlp,1,4,41
0.1,8,76,cardinal,1,6,43
0.1,8,76,linear,1,6,43
0.1,8,76,mlp,1,6,43
0.1,8,77,cardinal,1,4,40
0.1,8,77,linear,1,4,40
0.1,8,77,mlp,1,4,40
0.1,8,78,cardinal,1,6,49
0.1,8,78,linear,1,6,49
0.1,8,78,mlp,1,6,49
0.1,8,79,cardinal,1,17,43
0.1,8,79,linear,1,13,43
0.1,8,79,mlp,1,14,43
0.1,10,0,cardinal,1,11,58
0.1,10,0,linear,1,11,58
0.1,10,0,mlp,1,13,58
0.1,10,1,cardinal,1,11,77
0.1,10,1,linear,1,10,77
0.1,10,1,mlp,1,14,77
0.1,10,2,cardinal,1,8,42
0.1,10,2,linear,1,8,42
0.1,10,2,mlp,1,10,42
0.1,10,3,cardinal,1,75,60
0.1,10,3,linear,1,35,60
0.1,10,3,mlp,1,32,60
0.1,10,4,cardinal,1,8,63
0.1,10,4,linear,1,8,63
0.1,10,4,mlp,1,9,63
0.1,10,5,cardinal,1,23,71
0.1,10,5,linear,1,17,71
0.1,10,5,mlp,1,30,71
0.1,10,6,cardinal,1,10,51
0.1,10,6,linear,1,15,51
0.1,10,6,mlp,1,11,51
0.1,10,7,cardinal,1,9,64
0.1,10,7,linear,1,9,64
0.1,10,7,mlp,1,10,64
0.1,10,8,cardinal,1,8,54
0.1,10,8,linear,1,8,54
0.1,10,8,mlp,1,10,54
0.1,10,9,cardinal,1,53,56
0.1,10,9,linear,1,28,56
0.1,10,9,mlp,1,42,56
0.1,10,10,cardinal,1,30,63
0.1,10,10,linear,1,51,63
0.1,10,10,mlp,1,60,63
0.1,10,11,cardinal,1,42,47
0.1,10,11,linear,1,32,47
0.1,10,11,mlp,1,44,47
0.1,10,12,cardinal,1,14,56
0.1,10,12,linear,1,15,56
0.1,10,12,mlp,1,36,56
0.1,10,13,cardinal,1,37,62
0.1,10,13,linear,1,27,62
0.1,10,13,mlp,1,20,62
0.1,10,14,cardinal,1,11,64
0.1,10,14,linear,1,9,64
0.1,10,14,mlp,1,9,64
0.1,10,15,cardinal,1,3,52
0.1,10,15,linear,1,3,52
0.1,10,15,mlp,1,3,52
0.1,10,16,cardinal,1,13,59
0.1,10,16,linear,1,13,59
0.1,10,16,mlp,1,13,59
0.1,10,17,cardinal,1,137,57
0.1,10,17,linear,1,141,57
0.1,10,17,mlp,1,216,57
0.1,10,18,cardinal,1,19,58
0.1,10,18,linear,1,12,58
0.1,10,18,mlp,1,15,58
0.1,10,19,cardinal,1,26,58
0.1,10,19,linear,1,34,58
0.1,10,19,mlp,1,59,58
0.1,10,20,cardinal,1,3,46
0.1,10,20,linear,1,3,46
0.1,10,20,mlp,1,3,46
0.1,10,21,cardinal,1,30,53
0.1,10,21,linear,1,31,53
0.1,10,21,mlp,1,43,53
0.1,10,22,cardinal,1,4,55
0.1,10,22,linear,1,4,55
0.1,10,22,mlp,1,5,55
0.1,10,23,cardinal,1,8,52
0.1,10,23,linear,1,8,52
0.1,10,23,mlp,1,9,52
0.1,10,24,cardinal,1,7,73
0.1,10,24,linear,1,9,73
0.1,10,24,mlp,1,8,73
0.1,10,25,cardinal,1,3,63
0.1,10,25,linear,1,3,63
0.1,10,25,mlp,1,4,63
0.1,10,26,cardinal,1,129,51
0.1,10,26,linear,1,35,51
0.1,10,26,mlp,1,32,51
0.1,10,27,cardinal,1,12,54
0.1,10,27,linear,1,12,54
0.1,10,27,mlp,1,13,54
0.1,10,28,cardinal,1,38,58
0.1,10,28,linear,1,60,58
0.1,10,28,mlp,1,31,58
0.1,10,29,cardinal,1,6,45
0.1,10,29,linear,1,5,45
0.1,10,29,mlp,1,5,45
0.1,10,30,cardinal,1,88,57
0.1,10,30,linear,1,80,57
0.1,10,30,mlp,1,42,57
0.1,10,31,cardinal,1,34,55
0.1,10,31,linear,1,33,55
0.1,10,31,mlp,1,34,55
0.1,10,32,cardinal,1,6,62
0.1,10,32,linear,1,6,62
0.1,10,32,mlp,1,6,62
0.1,10,33,cardinal,1,202,48
0.1,10,33,linear,1,182,48
0.1,10,33,mlp,1,290,48
0.1,10,34,cardinal,1,23,60
0.1,10,34,linear,1,18,60
0.1,10,34,mlp,1,27,60
0.1,10,35,cardinal,1,19,45
0.1,10,35,linear,1,15,45
0.1,10,35,mlp,1,31,45
0.1,10,36,cardinal,1,9,52
0.1,10,36,linear,1,9,52
0.1,10,36,mlp,1,10,52
0.1,10,37,cardinal,1,10,55
0.1,10,37,linear,1,10,55
0.1,10,37,mlp,1,13,55
0.1,10,38,cardinal,1,18,50
0.1,10,38,linear,1,16,50
0.1,10,38,mlp,1,18,50
0.1,10,39,cardinal,1,6,71
0.1,10,39,linear,1,6,71
0.1,10,39,mlp,1,6,71
0.1,10,40,cardinal,1,16,68
0.1,10,40,linear,1,16,68
0.1,10,40,mlp,1,12,68
0.1,10,41,cardinal,1,21,59
0.1,10,41,linear,1,27,59
0.1,10,41,mlp,1,24,59
0.1,10,42,cardinal,1,7,60
0.1,10,42,linear,1,7,60
0.1,10,42,mlp,1,7,60
0.1,10,43,cardinal,1,77,50
0.1,10,43,linear,1,20,50
0.1,10,43,mlp,1,69,50
0.1,10,44,cardinal,1,7,59
0.1,10,44,linear,1,9,59
0.1,10,44,mlp,1,8,59
0.1,10,45,cardinal,1,4,54
0.1,10,45,linear,1,4,54
0.1,10,45,mlp,1,4,54
0.1,10,46,cardinal,1,10,75
0.1,10,46,linear,1,10,75
0.1,10,46,mlp,1,12,75
0.1,10,47,cardinal,1,5,69
0.1,10,47,linear,1,5,69
0.1,10,47,mlp,1,5,69
0.1,10,48,cardinal,1,5,54
0.1,10,48,linear,1,5,54
0.1,10,48,mlp,1,5,54
0.1,10,49,cardinal,1,179,62
0.1,10,49,linear,1,44,62
0.1,10,49,mlp,1,103,62
0.1,10,50,cardinal,1,10,57
0.1,10,50,linear,1,10,57
0.1,10,50,mlp,1,10,57
0.1,10,51,cardinal,1,5,60
0.1,10,51,linear,1,5,60
0.1,10,51,mlp,1,5,60
0.1,10,52,cardinal,1,10,55
0.1,10,52,linear,1,10,55
0.1,10,52,mlp,1,20,55
0.1,10,53,cardinal,1,27,59
0.1,10,53,linear,1,20,59
0.1,10,53,mlp,1,46,59
0.1,10,54,cardinal,1,2191,67
0.1,10,54,linear,1,2425,67
0.1,10,54,mlp,1,3848,67
0.1,10,55,cardinal,1,9,53
0.1,10,55,linear,1,8,53
0.1,10,55,mlp,1,10,53
0.1,10,56,cardinal,1,69,64
0.1,10,56,linear,1,58,64
0.1,10,56,mlp,1,66,64
0.1,10,57,cardinal,1,296,52
0.1,10,57,linear,1,40,52
0.1,10,57,mlp,1,287,52
0.1,10,58,cardinal,1,25,70
0.1,10,58,linear,1,35,70
0.1,10,58,mlp,1,16,70
0.1,10,59,cardinal,1,55,64
0.1,10,59,linear,1,25,64
0.1,10,59,mlp,1,31,64
0.1,10,60,cardinal,1,9,67
0.1,10,60,linear,1,9,67
0.1,10,60,mlp,1,9,67
0.1,10,61,cardinal,1,300,68
0.1,10,61,linear,1,269,68
0.1,10,61,mlp,1,509,68
0.1,10,62,cardinal,1,35,60
0.1,10,62,linear,1,30,60
0.1,10,62,mlp,1,28,60
0.1,10,63,cardinal,1,10,54
0.1,10,63,linear,1,9,54
0.1,10,63,mlp,1,9,54
0.1,10,64,cardinal,1,15,41
0.1,10,64,linear,1,23,41
0.1,10,64,mlp,1,15,41
0.1,10,65,cardinal,1,14,42
0.1,10,65,linear,1,14,42
0.1,10,65,mlp,1,58,42
0.1,10,66,cardinal,1,20,72
0.1,10,66,linear,1,21,72
0.1,10,66,mlp,1,26,72
0.1,10,67,cardinal,1,14,59
0.1,10,67,linear,1,13,59
0.1,10,67,mlp,1,22,59
0.1,10,68,cardinal,1,11,60
0.1,10,68,linear,1,11,60
0.1,10,68,mlp,1,13,60
0.1,10,69,cardinal,1,8,52
0.1,10,69,linear,1,8,52
0.1,10,69,mlp,1,8,52
0.1,10,70,cardinal,1,43,51
0.1,10,70,linear,1,33,51
0.1,10,70,mlp,1,393,51
0.1,10,71,cardinal,1,11,55
0.1,10,71,linear,1,14,55
0.1,10,71,mlp,1,32,55
0.1,10,72,cardinal,1,161,55
0.1,10,72,linear,1,84,55
0.1,10,72,mlp,1,106,55
0.1,10,73,cardinal,1,5,36
0.1,10,73,linear,1,5,36
0.1,10,73,mlp,1,6,36
0.1,10,74,cardinal,1,34,47
0.1,10,74,linear,1,25,47
0.1,10,74,mlp,1,52,47
0.1,10,75,cardinal,1,7,46
0.1,10,75,linear,1,5,46
0.1,10,75,mlp,1,4,46
0.1,10,76,cardinal,1,32,52
0.1,10,76,linear,1,9,52
0.1,10,76,mlp,1,14,52
0.1,10,77,cardinal,1,6,53
0.1,10,77,linear,1,6,53
0.1,10,77,mlp,1,6,53
0.1,10,78,cardinal,1,18,64
0.1,10,78,linear,1,15,64
0.1,10,78,mlp,1,19,64
0.1,10,79,cardinal,1,32,52
0.1,10,79,linear,1,25,52
0.1,10,79,mlp,1,38,52
0.1,12,0,cardinal,1,13,73
0.1,12,0,linear,1,13,73
0.1,12,0,mlp,1,13,73
0.1,12,1,cardinal,1,180,94
0.1,12,1,linear,1,24,94
0.1,12,1,mlp,1,23,94
0.1,12,2,cardinal,1,98,61
0.1,12,2,linear,1,46,61
0.1,12,2,mlp,1,80,61
0.1,12,3,cardinal,1,101,75
0.1,12,3,linear,1,95,75
0.1,12,3,mlp,1,76,75
0.1,12,4,cardinal,1,9,75
0.1,12,4,linear,1,9,75
0.1,12,4,mlp,1,9,75
0.1,12,5,cardinal,1,36,86
0.1,12,5,linear,1,24,86
0.1,12,5,mlp,1,103,86
0.1,12,6,cardinal,1,14,54
0.1,12,6,linear,1,24,54
0.1,12,6,mlp,1,12,54
0.1,12,7,cardinal,1,24,80
0.1,12,7,linear,1,28,80
0.1,12,7,mlp,1,51,80
0.1,12,8,cardinal,1,929,73
0.1,12,8,linear,1,638,73
0.1,12,8,mlp,1,109,73
0.1,12,9,cardinal,1,36,66
0.1,12,9,linear,1,28,66
0.1,12,9,mlp,1,46,66
0.1,12,10,cardinal,1,5805,79
0.1,12,10,linear,1,2114,79
0.1,12,10,mlp,0,8000,
0.1,12,11,cardinal,1,126,61
0.1,12,11,linear,1,95,61
0.1,12,11,mlp,1,76,61
0.1,12,12,cardinal,1,105,75
0.1,12,12,linear,1,78,75
0.1,12,12,mlp,1,256,75
0.1,12,13,cardinal,1,78,78
0.1,12,13,linear,1,79,78
0.1,12,13,mlp,1,156,78
0.1,12,14,cardinal,1,16,77
0.1,12,14,linear,1,19,77
0.1,12,14,mlp,1,17,77
0.1,12,15,cardinal,1,13,66
0.1,12,15,linear,1,20,66
0.1,12,15,mlp,1,20,66
0.1,12,16,cardinal,1,19,80
0.1,12,16,linear,1,18,80
0.1,12,16,mlp,1,17,80
0.1,12,17,cardinal,1,175,71
0.1,12,17,linear,1,130,71
0.1,12,17,mlp,1,589,71
0.1,12,18,cardinal,1,112,70
0.1,12,18,linear,1,63,70
0.1,12,18,mlp,1,170,70
0.1,12,19,cardinal,1,28,69
0.1,12,19,linear,1,30,69
0.1,12,19,mlp,1,69,69
0.1,12,20,cardinal,1,28,53
0.1,12,20,linear,1,27,53
0.1,12,20,mlp,1,50,53
0.1,12,21,cardinal,1,43,62
0.1,12,21,linear,1,41,62
0.1,12,21,mlp,1,59,62
0.1,12,22,cardinal,1,5,64
0.1,12,22,linear,1,6,64
0.1,12,22,mlp,1,6,64
0.1,12,23,cardinal,1,8,58
0.1,12,23,linear,1,8,58
0.1,12,23,mlp,1,9,58
0.1,12,24,cardinal,1,71,78
0.1,12,24,linear,1,26,78
0.1,12,24,mlp,1,23,78
0.1,12,25,cardinal,1,3,81
0.1,12,25,linear,1,3,81
0.1,12,25,mlp,1,4,81
0.1,12,26,cardinal,1,365,69
0.1,12,26,linear,1,83,69
0.1,12,26,mlp,1,210,69
0.1,12,27,cardinal,1,615,80
0.1,12,27,linear,1,682,80
0.1,12,27,mlp,0,8000,
0.1,12,28,cardinal,1,196,70
0.1,12,28,linear,1,129,70
0.1,12,28,mlp,1,232,70
0.1,12,29,cardinal,1,281,58
0.1,12,29,linear,1,32,58
0.1,12,29,mlp,1,54,58
0.1,12,30,cardinal,1,85,65
0.1,12,30,linear,1,77,65
0.1,12,30,mlp,1,43,65
0.1,12,31,cardinal,1,51,69
0.1,12,31,linear,1,59,69
0.1,12,31,mlp,1,95,69
0.1,12,32,cardinal,1,16,72
0.1,12,32,linear,1,19,72
0.1,12,32,mlp,1,30,72
0.1,12,33,cardinal,1,843,64
0.1,12,33,linear,1,596,64
0.1,12,33,mlp,1,1135,64
0.1,12,34,cardinal,1,23,76
0.1,12,34,linear,1,22,76
0.1,12,34,mlp,1,135,76
0.1,12,35,cardinal,1,63,59
0.1,12,35,linear,1,46,59
0.1,12,35,mlp,1,173,59
0.1,12,36,cardinal,1,9,57
0.1,12,36,linear,1,9,57
0.1,12,36,mlp,1,10,57
0.1,12,37,cardinal,1,9,65
0.1,12,37,linear,1,9,65
0.1,12,37,mlp,1,13,65
0.1,12,38,cardinal,1,102,60
0.1,12,38,linear,1,49,60
0.1,12,38,mlp,1,43,60
0.1,12,39,cardinal,1,11,85
0.1,12,39,linear,1,11,85
0.1,12,39,mlp,1,10,85
0.1,12,40,cardinal,1,2475,86
0.1,12,40,linear,1,2424,86
0.1,12,40,mlp,1,3310,86
0.1,12,41,cardinal,1,26,69
0.1,12,41,linear,1,20,69
0.1,12,41,mlp,1,39,69
0.1,12,42,cardinal,1,10,72
0.1,12,42,linear,1,10,72
0.1,12,42,mlp,1,10,72
0.1,12,43,cardinal,1,505,60
0.1,12,43,linear,1,104,60
0.1,12,43,mlp,1,231,60
0.1,12,44,cardinal,1,8,71
0.1,12,44,linear,1,9,71
0.1,12,44,mlp,1,8,71
0.1,12,45,cardinal,1,8,66
0.1,12,45,linear,1,8,66
0.1,12,45,mlp,1,8,66
0.1,12,46,cardinal,1,32,87
0.1,12,46,linear,1,41,87
0.1,12,46,mlp,1,85,87
0.1,12,47,cardinal,1,16,88
0.1,12,47,linear,1,12,88
0.1,12,47,mlp,1,37,88
0.1,12,48,cardinal,1,43,68
0.1,12,48,linear,1,22,68
0.1,12,48,mlp,1,40,68
0.1,12,49,cardinal,1,31,75
0.1,12,49,linear,1,43,75
0.1,12,49,mlp,1,329,75
0.1,12,50,cardinal,1,11,62
0.1,12,50,linear,1,11,62
0.1,12,50,mlp,1,11,62
0.1,12,51,cardinal,1,12,73
0.1,12,51,linear,1,12,73
0.1,12,51,mlp,1,12,73
0.1,12,52,cardinal,1,486,68
0.1,12,52,linear,1,401,68
0.1,12,52,mlp,1,387,68
0.1,12,53,cardinal,1,1007,74
0.1,12,53,linear,1,69,74
0.1,12,53,mlp,1,658,74
0.1,12,54,cardinal,1,6251,86
0.1,12,54,linear,1,5309,86
0.1,12,54,mlp,0,8000,
0.1,12,55,cardinal,1,28,62
0.1,12,55,linear,1,19,62
0.1,12,55,mlp,1,28,62
0.1,12,56,cardinal,1,395,74
0.1,12,56,linear,1,191,74
0.1,12,56,mlp,1,524,74
0.1,12,57,cardinal,1,296,59
0.1,12,57,linear,1,40,59
0.1,12,57,mlp,1,287,59
0.1,12,58,cardinal,1,27,78
0.1,12,58,linear,1,49,78
0.1,12,58,mlp,1,19,78
0.1,12,59,cardinal,1,262,75
0.1,12,59,linear,1,78,75
0.1,12,59,mlp,1,384,75
0.1,12,60,cardinal,1,92,80
0.1,12,60,linear,1,117,80
0.1,12,60,mlp,1,46,80
0.1,12,61,cardinal,1,1234,87
0.1,12,61,linear,1,1510,87
0.1,12,61,mlp,1,6511,87
0.1,12,62,cardinal,0,8000,
0.1,12,62,linear,1,1107,87
0.1,12,62,mlp,0,8000,
0.1,12,63,cardinal,1,1439,69
0.1,12,63,linear,1,970,69
0.1,12,63,mlp,1,804,69
0.1,12,64,cardinal,1,332,59
0.1,12,64,linear,1,226,59
0.1,12,64,mlp,1,267,59
0.1,12,65,cardinal,1,29,61
0.1,12,65,linear,1,35,61
0.1,12,65,mlp,1,92,61
0.1,12,66,cardinal,1,101,83
0.1,12,66,linear,1,48,83
0.1,12,66,mlp,1,607,83
0.1,12,67,cardinal,1,39,66
0.1,12,67,linear,1,41,66
0.1,12,67,mlp,1,25,66
0.1,12,68,cardinal,1,38,72
0.1,12,68,linear,1,24,72
0.1,12,68,mlp,1,40,72
0.1,12,69,cardinal,1,36,59
0.1,12,69,linear,1,17,59
0.1,12,69,mlp,1,15,59
0.1,12,70,cardinal,1,43,58
0.1,12,70,linear,1,31,58
0.1,12,70,mlp,1,500,58
0.1,12,71,cardinal,1,12,64
0.1,12,71,linear,1,24,64
0.1,12,71,mlp,1,58,64
0.1,12,72,cardinal,1,545,69
0.1,12,72,linear,1,148,69
0.1,12,72,mlp,1,381,69
0.1,12,73,cardinal,1,1928,51
0.1,12,73,linear,1,650,51
0.1,12,73,mlp,1,2111,51
0.1,12,74,cardinal,1,591,58
0.1,12,74,linear,1,318,58
0.1,12,74,mlp,1,449,58
0.1,12,75,cardinal,1,13,57
0.1,12,75,linear,1,11,57
0.1,12,75,mlp,1,24,57
0.1,12,76,cardinal,1,34,67
0.1,12,76,linear,1,14,67
0.1,12,76,mlp,1,70,67
0.1,12,77,cardinal,1,7,63
0.1,12,77,linear,1,6,63
0.1,12,77,mlp,1,6,63
0.1,12,78,cardinal,1,265,78
0.1,12,78,linear,1,26,78
0.1,12,78,mlp,1,29,78
0.1,12,79,cardinal,1,33,59
0.1,12,79,linear,1,26,59
0.1,12,79,mlp,1,42,59
0.1,14,0,cardinal,1,16,85
0.1,14,0,linear,1,15,85
0.1,14,0,mlp,1,16,85
0.1,14,1,cardinal,1,4136,108
0.1,14,1,linear,1,222,108
0.1,14,1,mlp,1,217,108
0.1,14,2,cardinal,1,104,68
0.1,14,2,linear,1,50,68
0.1,14,2,mlp,1,119,68
0.1,14,3,cardinal,1,429,90
0.1,14,3,linear,1,582,90
0.1,14,3,mlp,1,782,90
0.1,14,4,cardinal,1,73,83
0.1,14,4,linear,1,66,83
0.1,14,4,mlp,1,115,83
0.1,14,5,cardinal,1,75,94
0.1,14,5,linear,1,41,94
0.1,14,5,mlp,1,757,94
0.1,14,6,cardinal,1,19,67
0.1,14,6,linear,1,28,67
0.1,14,6,mlp,1,21,67
0.1,14,7,cardinal,1,367,90
0.1,14,7,linear,1,420,90
0.1,14,7,mlp,1,3697,90
0.1,14,8,cardinal,1,1305,82
0.1,14,8,linear,1,1020,82
0.1,14,8,mlp,1,81,82
0.1,14,9,cardinal,1,134,78
0.1,14,9,linear,1,51,78
0.1,14,9,mlp,1,69,78
0.1,14,10,cardinal,0,8000,
0.1,14,10,linear,0,8000,
0.1,14,10,mlp,0,8000,
0.1,14,11,cardinal,1,1563,78
0.1,14,11,linear,1,334,78
0.1,14,11,mlp,1,1788,78
0.1,14,12,cardinal,1,110,89
0.1,14,12,linear,1,101,89
0.1,14,12,mlp,1,2407,89
0.1,14,13,cardinal,1,324,91
0.1,14,13,linear,1,228,91
0.1,14,13,mlp,1,614,91
0.1,14,14,cardinal,1,16,86
0.1,14,14,linear,1,19,86
0.1,14,14,mlp,1,22,86
0.1,14,15,cardinal,1,70,75
0.1,14,15,linear,1,40,75
0.1,14,15,mlp,1,38,75
0.1,14,16,cardinal,1,65,95
0.1,14,16,linear,1,59,95
0.1,14,16,mlp,1,2284,95
0.1,14,17,cardinal,1,200,87
0.1,14,17,linear,1,139,87
0.1,14,17,mlp,1,922,87
0.1,14,18,cardinal,1,330,81
0.1,14,18,linear,1,62,81
0.1,14,18,mlp,1,212,81
0.1,14,19,cardinal,1,35,82
0.1,14,19,linear,1,30,82
0.1,14,19,mlp,1,71,82
0.1,14,20,cardinal,1,156,62
0.1,14,20,linear,1,75,62
0.1,14,20,mlp,1,95,62
0.1,14,21,cardinal,1,909,85
0.1,14,21,linear,1,336,85
0.1,14,21,mlp,1,1202,85
0.1,14,22,cardinal,1,70,75
0.1,14,22,linear,1,49,75
0.1,14,22,mlp,1,61,75
0.1,14,23,cardinal,1,128,72
0.1,14,23,linear,1,66,72
0.1,14,23,mlp,1,145,72
0.1,14,24,cardinal,1,411,86
0.1,14,24,linear,1,87,86
0.1,14,24,mlp,1,121,86
0.1,14,25,cardinal,1,19,99
0.1,14,25,linear,1,24,99
0.1,14,25,mlp,1,26,99
0.1,14,26,cardinal,0,8000,
0.1,14,26,linear,1,1424,87
0.1,14,26,mlp,1,7747,87
0.1,14,27,cardinal,1,615,87
0.1,14,27,linear,1,689,87
0.1,14,27,mlp,0,8000,
0.1,14,28,cardinal,1,186,76
0.1,14,28,linear,1,152,76
0.1,14,28,mlp,1,530,76
0.1,14,29,cardinal,1,3766,69
0.1,14,29,linear,1,241,69
0.1,14,29,mlp,1,681,69
0.1,14,30,cardinal,1,641,76
0.1,14,30,linear,1,531,76
0.1,14,30,mlp,1,500,76
0.1,14,31,cardinal,1,51,80
0.1,14,31,linear,1,140,80
0.1,14,31,mlp,1,143,80
0.1,14,32,cardinal,1,16,83
0.1,14,32,linear,1,19,83
0.1,14,32,mlp,1,30,83
0.1,14,33,cardinal,0,8000,
0.1,14,33,linear,1,2143,78
0.1,14,33,mlp,0,8000,
0.1,14,34,cardinal,1,26,90
0.1,14,34,linear,1,29,90
0.1,14,34,mlp,1,52,90
0.1,14,35,cardinal,1,253,69
0.1,14,35,linear,1,175,69
0.1,14,35,mlp,1,222,69
0.1,14,36,cardinal,1,12,67
0.1,14,36,linear,1,25,67
0.1,14,36,mlp,1,19,67
0.1,14,37,cardinal,1,389,80
0.1,14,37,linear,1,428,80
0.1,14,37,mlp,1,400,80
0.1,14,38,cardinal,1,96,70
0.1,14,38,linear,1,50,70
0.1,14,38,mlp,1,47,70
0.1,14,39,cardinal,1,21,96
0.1,14,39,linear,1,16,96
0.1,14,39,mlp,1,22,96
0.1,14,40,cardinal,1,2617,96
0.1,14,40,linear,1,3988,96
0.1,14,40,mlp,0,8000,
0.1,14,41,cardinal,1,84,85
0.1,14,41,linear,1,45,85
0.1,14,41,mlp,1,31,85
0.1,14,42,cardinal,1,12,84
0.1,14,42,linear,1,12,84
0.1,14,42,mlp,1,13,84
0.1,14,43,cardinal,1,1661,74
0.1,14,43,linear,1,382,74
0.1,14,43,mlp,1,540,74
0.1,14,44,cardinal,1,195,87
0.1,14,44,linear,1,326,87
0.1,14,44,mlp,1,145,87
0.1,14,45,cardinal,1,327,85
0.1,14,45,linear,1,132,85
0.1,14,45,mlp,1,355,85
0.1,14,46,cardinal,1,37,95
0.1,14,46,linear,1,55,95
0.1,14,46,mlp,1,89,95
0.1,14,47,cardinal,1,30,92
0.1,14,47,linear,1,25,92
0.1,14,47,mlp,1,64,92
0.1,14,48,cardinal,1,71,78
0.1,14,48,linear,1,32,78
0.1,14,48,mlp,1,72,78
0.1,14,49,cardinal,1,88,87
0.1,14,49,linear,1,114,87
0.1,14,49,mlp,1,3949,87
0.1,14,50,cardinal,1,270,80
0.1,14,50,linear,1,368,80
0.1,14,50,mlp,1,312,80
0.1,14,51,cardinal,1,64,84
0.1,14,51,linear,1,63,84
0.1,14,51,mlp,1,975,84
0.1,14,52,cardinal,0,8000,
0.1,14,52,linear,1,938,88
0.1,14,52,mlp,1,4545,88
0.1,14,53,cardinal,1,7428,81
0.1,14,53,linear,1,605,81
0.1,14,53,mlp,1,2827,81
0.1,14,54,cardinal,0,8000,
0.1,14,54,linear,0,8000,
0.1,14,54,mlp,0,8000,
0.1,14,55,cardinal,1,135,81
0.1,14,55,linear,1,163,81
0.1,14,55,mlp,1,177,81
0.1,14,56,cardinal,1,3413,93
0.1,14,56,linear,1,547,93
0.1,14,56,mlp,0,8000,
0.1,14,57,cardinal,1,525,67
0.1,14,57,linear,1,44,67
0.1,14,57,mlp,1,600,67
0.1,14,58,cardinal,1,1114,95
0.1,14,58,linear,1,1118,95
0.1,14,58,mlp,1,1098,95
0.1,14,59,cardinal,1,269,90
0.1,14,59,linear,1,78,90
0.1,14,59,mlp,1,598,90
0.1,14,60,cardinal,1,257,89
0.1,14,60,linear,1,227,89
0.1,14,60,mlp,1,331,89
0.1,14,61,cardinal,1,6541,101
0.1,14,61,linear,1,3446,101
0.1,14,61,mlp,0,8000,
0.1,14,62,cardinal,0,8000,
0.1,14,62,linear,1,3034,99
0.1,14,62,mlp,0,8000,
0.1,14,63,cardinal,1,1030,71
0.1,14,63,linear,1,648,71
0.1,14,63,mlp,1,785,71
0.1,14,64,cardinal,1,721,80
0.1,14,64,linear,1,332,80
0.1,14,64,mlp,1,3894,80
0.1,14,65,cardinal,1,29,68
0.1,14,65,linear,1,35,68
0.1,14,65,mlp,1,111,68
0.1,14,66,cardinal,1,2945,98
0.1,14,66,linear,1,1135,98
0.1,14,66,mlp,0,8000,
0.1,14,67,cardinal,1,259,77
0.1,14,67,linear,1,244,77
0.1,14,67,mlp,1,378,77
0.1,14,68,cardinal,1,82,85
0.1,14,68,linear,1,65,85
0.1,14,68,mlp,1,133,85
0.1,14,69,cardinal,1,37,68
0.1,14,69,linear,1,16,68
0.1,14,69,mlp,1,16,68
0.1,14,70,cardinal,1,194,73
0.1,14,70,linear,1,152,73
0.1,14,70,mlp,1,1870,73
0.1,14,71,cardinal,1,47,77
0.1,14,71,linear,1,28,77
0.1,14,71,mlp,1,1024,77
0.1,14,72,cardinal,1,1973,83
0.1,14,72,linear,1,408,83
0.1,14,72,mlp,1,1118,83
0.1,14,73,cardinal,0,8000,
0.1,14,73,linear,1,3135,59
0.1,14,73,mlp,1,2221,59
0.1,14,74,cardinal,1,1153,67
0.1,14,74,linear,1,414,67
0.1,14,74,mlp,1,709,67
0.1,14,75,cardinal,1,13,71
0.1,14,75,linear,1,11,71
0.1,14,75,mlp,1,22,71
0.1,14,76,cardinal,1,3425,79
0.1,14,76,linear,1,840,79
0.1,14,76,mlp,1,1208,79
0.1,14,77,cardinal,1,11,75
0.1,14,77,linear,1,11,75
0.1,14,77,mlp,1,9,75
0.1,14,78,cardinal,1,897,83
0.1,14,78,linear,1,32,83
0.1,14,78,mlp,1,45,83
0.1,14,79,cardinal,1,289,78
0.1,14,79,linear,1,613,78
0.1,14,79,mlp,1,3497,78
0.2,6,0,cardinal,1,3,44
0.2,6,0,linear,1,3,44
0.2,6,0,mlp,1,5,44
0.2,6,1,cardinal,1,38,49
0.2,6,1,linear,1,32,49
0.2,6,1,mlp,1,65,49
0.2,6,2,cardinal,1,6,34
0.2,6,2,linear,1,6,34
0.2,6,2,mlp,1,6,34
0.2,6,3,cardinal,1,12,40
0.2,6,3,linear,1,11,40
0.2,6,3,mlp,1,9,40
0.2,6,4,cardinal,1,7,44
0.2,6,4,linear,1,7,44
0.2,6,4,mlp,1,9,44
0.2,6,5,cardinal,1,2,33
0.2,6,5,linear,1,3,33
0.2,6,5,mlp,1,2,33
0.2,6,6,cardinal,1,1,37
0.2,6,6,linear,1,1,37
0.2,6,6,mlp,1,1,37
0.2,6,7,cardinal,1,2,29
0.2,6,7,linear,1,2,29
0.2,6,7,mlp,1,2,29
0.2,6,8,cardinal,1,5,44
0.2,6,8,linear,1,5,44
0.2,6,8,mlp,1,5,44
0.2,6,9,cardinal,1,5,49
0.2,6,9,linear,1,5,49
0.2,6,9,mlp,1,4,49
0.2,6,10,cardinal,1,16,36
0.2,6,10,linear,1,16,36
0.2,6,10,mlp,1,17,36
0.2,6,11,cardinal,1,22,44
0.2,6,11,linear,1,20,44
0.2,6,11,mlp,1,22,44
0.2,6,12,cardinal,1,7,28
0.2,6,12,linear,1,7,28
0.2,6,12,mlp,1,5,28
0.2,6,13,cardinal,1,99,55
0.2,6,13,linear,1,99,55
0.2,6,13,mlp,1,99,55
0.2,6,14,cardinal,1,6,38
0.2,6,14,linear,1,6,38
0.2,6,14,mlp,1,6,38
0.2,6,15,cardinal,1,13,30
0.2,6,15,linear,1,13,30
0.2,6,15,mlp,1,13,30
0.2,6,16,cardinal,1,5,35
0.2,6,16,linear,1,6,35
0.2,6,16,mlp,1,5,35
0.2,6,17,cardinal,1,9,40
0.2,6,17,linear,1,9,40
0.2,6,17,mlp,1,7,40
0.2,6,18,cardinal,1,3,62
0.2,6,18,linear,1,4,62
0.2,6,18,mlp,1,3,62
0.2,6,19,cardinal,1,16,45
0.2,6,19,linear,1,18,45
0.2,6,19,mlp,1,15,45
0.2,6,20,cardinal,1,409,49
0.2,6,20,linear,1,189,49
0.2,6,20,mlp,1,318,49
0.2,6,21,cardinal,1,11,46
0.2,6,21,linear,1,11,46
0.2,6,21,mlp,1,11,46
0.2,6,22,cardinal,1,7,40
0.2,6,22,linear,1,7,40
0.2,6,22,mlp,1,9,40
0.2,6,23,cardinal,1,2,28
0.2,6,23,linear,1,2,28
0.2,6,23,mlp,1,2,28
0.2,6,24,cardinal,1,3,29
0.2,6,24,linear,1,3,29
0.2,6,24,mlp,1,3,29
0.2,6,25,cardinal,1,2,34
0.2,6,25,linear,1,2,34
0.2,6,25,mlp,1,2,34
0.2,6,26,cardinal,1,4,53
0.2,6,26,linear,1,4,53
0.2,6,26,mlp,1,4,53
0.2,6,27,cardinal,1,20,45
0.2,6,27,linear,1,20,45
0.2,6,27,mlp,1,20,45
0.2,6,28,cardinal,1,40,42
0.2,6,28,linear,1,46,42
0.2,6,28,mlp,1,51,42
0.2,6,29,cardinal,1,2,32
0.2,6,29,linear,1,2,32
0.2,6,29,mlp,1,2,32
0.2,6,30,cardinal,1,3,24
0.2,6,30,linear,1,3,24
0.2,6,30,mlp,1,3,24
0.2,6,31,cardinal,1,64,46
0.2,6,31,linear,1,65,46
0.2,6,31,mlp,1,78,46
0.2,6,32,cardinal,1,2,26
0.2,6,32,linear,1,2,26
0.2,6,32,mlp,1,2,26
0.2,6,33,cardinal,1,6,39
0.2,6,33,linear,1,6,39
0.2,6,33,mlp,1,6,39
0.2,6,34,cardinal,1,10,43
0.2,6,34,linear,1,10,43
0.2,6,34,mlp,1,9,43
0.2,6,35,cardinal,1,3,51
0.2,6,35,linear,1,3,51
0.2,6,35,mlp,1,2,51
0.2,6,36,cardinal,1,5,29
0.2,6,36,linear,1,5,29
0.2,6,36,mlp,1,9,29
0.2,6,37,cardinal,1,18,42
0.2,6,37,linear,1,18,42
0.2,6,37,mlp,1,20,42
0.2,6,38,cardinal,1,56,38
0.2,6,38,linear,1,82,38
0.2,6,38,mlp,1,64,38
0.2,6,39,cardinal,1,5,43
0.2,6,39,linear,1,5,43
0.2,6,39,mlp,1,5,43
0.2,6,40,cardinal,1,74,47
0.2,6,40,linear,1,53,47
0.2,6,40,mlp,1,71,47
0.2,6,41,cardinal,1,10,50
0.2,6,41,linear,1,10,50
0.2,6,41,mlp,1,18,50
0.2,6,42,cardinal,1,1,25
0.2,6,42,linear,1,1,25
0.2,6,42,mlp,1,1,25
0.2,6,43,cardinal,1,3,32
0.2,6,43,linear,1,3,32
0.2,6,43,mlp,1,3,32
0.2,6,44,cardinal,1,10,44
0.2,6,44,linear,1,10,44
0.2,6,44,mlp,1,8,44
0.2,6,45,cardinal,1,9,39
0.2,6,45,linear,1,10,39
0.2,6,45,mlp,1,11,39
0.2,6,46,cardinal,1,10,51
0.2,6,46,linear,1,9,51
0.2,6,46,mlp,1,15,51
0.2,6,47,cardinal,1,2,36
0.2,6,47,linear,1,2,36
0.2,6,47,mlp,1,2,36
0.2,6,48,cardinal,1,27,50
0.2,6,48,linear,1,32,50
0.2,6,48,mlp,1,22,50
0.2,6,49,cardinal,1,2,39
0.2,6,49,linear,1,2,39
0.2,6,49,mlp,1,2,39
0.2,6,50,cardinal,1,10,31
0.2,6,50,linear,1,10,31
0.2,6,50,mlp,1,10,31
0.2,6,51,cardinal,1,1,25
0.2,6,51,linear,1,1,25
0.2,6,51,mlp,1,1,25
0.2,6,52,cardinal,1,4,31
0.2,6,52,linear,1,4,31
0.2,6,52,mlp,1,4,31
0.2,6,53,cardinal,1,7,33
0.2,6,53,linear,1,7,33
0.2,6,53,mlp,1,15,33
0.2,6,54,cardinal,1,2098,50
0.2,6,54,linear,1,645,50
0.2,6,54,mlp,1,1428,50
0.2,6,55,cardinal,1,7,35
0.2,6,55,linear,1,7,35
0.2,6,55,mlp,1,7,35
0.2,6,56,cardinal,1,3,43
0.2,6,56,linear,1,5,43
0.2,6,56,mlp,1,3,43
0.2,6,57,cardinal,1,4,37
0.2,6,57,linear,1,4,37
0.2,6,57,mlp,1,4,37
0.2,6,58,cardinal,1,1,44
0.2,6,58,linear,1,1,44
0.2,6,58,mlp,1,1,44
0.2,6,59,cardinal,1,10,49
0.2,6,59,linear,1,10,49
0.2,6,59,mlp,1,12,49
0.2,6,60,cardinal,1,3,30
0.2,6,60,linear,1,3,30
0.2,6,60,mlp,1,3,30
0.2,6,61,cardinal,1,11,36
0.2,6,61,linear,1,11,36
0.2,6,61,mlp,1,11,36
0.2,6,62,cardinal,1,5,41
0.2,6,62,linear,1,5,41
0.2,6,62,mlp,1,7,41
0.2,6,63,cardinal,1,3,31
0.2,6,63,linear,1,3,31
0.2,6,63,mlp,1,3,31
0.2,6,64,cardinal,1,59,57
0.2,6,64,linear,1,43,57
0.2,6,64,mlp,1,55,57
0.2,6,65,cardinal,1,68,58
0.2,6,65,linear,1,50,58
0.2,6,65,mlp,1,77,58
0.2,6,66,cardinal,1,44,58
0.2,6,66,linear,1,41,58
0.2,6,66,mlp,1,60,58
0.2,6,67,cardinal,1,233,54
0.2,6,67,linear,1,226,54
0.2,6,67,mlp,1,415,54
0.2,6,68,cardinal,1,42,28
0.2,6,68,linear,1,41,28
0.2,6,68,mlp,1,44,28
0.2,6,69,cardinal,1,21,40
0.2,6,69,linear,1,20,40
0.2,6,69,mlp,1,62,40
0.2,6,70,cardinal,1,27,49
0.2,6,70,linear,1,21,49
0.2,6,70,mlp,1,39,49
0.2,6,71,cardinal,1,3,38
0.2,6,71,linear,1,3,38
0.2,6,71,mlp,1,3,38
0.2,6,72,cardinal,1,4,38
0.2,6,72,linear,1,4,38
0.2,6,72,mlp,1,4,38
0.2,6,73,cardinal,1,600,48
0.2,6,73,linear,1,158,48
0.2,6,73,mlp,1,593,48
0.2,6,74,cardinal,1,4,38
0.2,6,74,linear,1,4,38
0.2,6,74,mlp,1,4,38
0.2,6,75,cardinal,1,6,39
0.2,6,75,linear,1,6,39
0.2,6,75,mlp,1,6,39
0.2,6,76,cardinal,1,25,47
0.2,6,76,linear,1,26,47
0.2,6,76,mlp,1,37,47
0.2,6,77,cardinal,1,5,38
0.2,6,77,linear,1,6,38
0.2,6,77,mlp,1,6,38
0.2,6,78,cardinal,1,4,34
0.2,6,78,linear,1,4,34
0.2,6,78,mlp,1,4,34
0.2,6,79,cardinal,1,2,34
0.2,6,79,linear,1,2,34
0.2,6,79,mlp,1,2,34
0.2,8,0,cardinal,1,8,58
0.2,8,0,linear,1,9,58
0.2,8,0,mlp,1,10,58
0.2,8,1,cardinal,1,42,64
0.2,8,1,linear,1,55,64
0.2,8,1,mlp,1,106,64
0.2,8,2,cardinal,1,19,43
0.2,8,2,linear,1,26,43
0.2,8,2,mlp,1,27,43
0.2,8,3,cardinal,1,18,51
0.2,8,3,linear,1,12,51
0.2,8,3,mlp,1,16,51
0.2,8,4,cardinal,1,14,67
0.2,8,4,linear,1,11,67
0.2,8,4,mlp,1,15,67
0.2,8,5,cardinal,1,22,46
0.2,8,5,linear,1,18,46
0.2,8,5,mlp,1,18,46
0.2,8,6,cardinal,1,10,54
0.2,8,6,linear,1,9,54
0.2,8,6,mlp,1,12,54
0.2,8,7,cardinal,1,3,42
0.2,8,7,linear,1,3,42
0.2,8,7,mlp,1,3,42
0.2,8,8,cardinal,1,74,59
0.2,8,8,linear,1,63,59
0.2,8,8,mlp,1,51,59
0.2,8,9,cardinal,1,18,62
0.2,8,9,linear,1,11,62
0.2,8,9,mlp,1,15,62
0.2,8,10,cardinal,1,2325,59
0.2,8,10,linear,1,211,59
0.2,8,10,mlp,1,1501,59
0.2,8,11,cardinal,1,166,60
0.2,8,11,linear,1,85,60
0.2,8,11,mlp,1,284,60
0.2,8,12,cardinal,1,12,38
0.2,8,12,linear,1,12,38
0.2,8,12,mlp,1,22,38
0.2,8,13,cardinal,1,1991,77
0.2,8,13,linear,1,3204,77
0.2,8,13,mlp,1,3486,77
0.2,8,14,cardinal,1,21,49
0.2,8,14,linear,1,18,49
0.2,8,14,mlp,1,14,49
0.2,8,15,cardinal,1,181,42
0.2,8,15,linear,1,216,42
0.2,8,15,mlp,1,304,42
0.2,8,16,cardinal,1,7,45
0.2,8,16,linear,1,8,45
0.2,8,16,mlp,1,7,45
0.2,8,17,cardinal,1,17,53
0.2,8,17,linear,1,16,53
0.2,8,17,mlp,1,20,53
0.2,8,18,cardinal,1,6,74
0.2,8,18,linear,1,5,74
0.2,8,18,mlp,1,6,74
0.2,8,19,cardinal,1,74,60
0.2,8,19,linear,1,41,60
0.2,8,19,mlp,1,46,60
0.2,8,20,cardinal,1,1524,69
0.2,8,20,linear,1,484,69
0.2,8,20,mlp,1,2723,69
0.2,8,21,cardinal,1,69,65
0.2,8,21,linear,1,68,65
0.2,8,21,mlp,1,62,65
0.2,8,22,cardinal,1,12,60
0.2,8,22,linear,1,16,60
0.2,8,22,mlp,1,21,60
0.2,8,23,cardinal,1,4,38
0.2,8,23,linear,1,4,38
0.2,8,23,mlp,1,4,38
0.2,8,24,cardinal,1,81,44
0.2,8,24,linear,1,117,44
0.2,8,24,mlp,1,129,44
0.2,8,25,cardinal,1,2,45
0.2,8,25,linear,1,2,45
0.2,8,25,mlp,1,2,45
0.2,8,26,cardinal,1,41,79
0.2,8,26,linear,1,46,79
0.2,8,26,mlp,1,76,79
0.2,8,27,cardinal,1,22,56
0.2,8,27,linear,1,22,56
0.2,8,27,mlp,1,34,56
0.2,8,28,cardinal,1,123,55
0.2,8,28,linear,1,130,55
0.2,8,28,mlp,1,165,55
0.2,8,29,cardinal,1,6,42
0.2,8,29,linear,1,6,42
0.2,8,29,mlp,1,7,42
0.2,8,30,cardinal,1,6,29
0.2,8,30,linear,1,6,29
0.2,8,30,mlp,1,6,29
0.2,8,31,cardinal,1,65,56
0.2,8,31,linear,1,74,56
0.2,8,31,mlp,1,86,56
0.2,8,32,cardinal,1,3,44
0.2,8,32,linear,1,3,44
0.2,8,32,mlp,1,3,44
0.2,8,33,cardinal,1,7,51
0.2,8,33,linear,1,6,51
0.2,8,33,mlp,1,7,51
0.2,8,34,cardinal,1,14,49
0.2,8,34,linear,1,14,49
0.2,8,34,mlp,1,13,49
0.2,8,35,cardinal,1,64,67
0.2,8,35,linear,1,37,67
0.2,8,35,mlp,1,79,67
0.2,8,36,cardinal,1,11,38
0.2,8,36,linear,1,11,38
0.2,8,36,mlp,1,19,38
0.2,8,37,cardinal,1,84,52
0.2,8,37,linear,1,80,52
0.2,8,37,mlp,1,86,52
0.2,8,38,cardinal,0,8000,
0.2,8,38,linear,0,8000,
0.2,8,38,mlp,0,8000,
0.2,8,39,cardinal,1,8,50
0.2,8,39,linear,1,8,50
0.2,8,39,mlp,1,8,50
0.2,8,40,cardinal,1,75,51
0.2,8,40,linear,1,54,51
0.2,8,40,mlp,1,107,51
0.2,8,41,cardinal,1,66,67
0.2,8,41,linear,1,51,67
0.2,8,41,mlp,1,155,67
0.2,8,42,cardinal,1,3,36
0.2,8,42,linear,1,3,36
0.2,8,42,mlp,1,3,36
0.2,8,43,cardinal,1,4,40
0.2,8,43,linear,1,4,40
0.2,8,43,mlp,1,4,40
0.2,8,44,cardinal,1,19,53
0.2,8,44,linear,1,18,53
0.2,8,44,mlp,1,28,53
0.2,8,45,cardinal,1,1895,59
0.2,8,45,linear,1,278,59
0.2,8,45,mlp,1,1458,59
0.2,8,46,cardinal,1,234,68
0.2,8,46,linear,1,147,68
0.2,8,46,mlp,1,532,68
0.2,8,47,cardinal,1,3,54
0.2,8,47,linear,1,3,54
0.2,8,47,mlp,1,3,54
0.2,8,48,cardinal,1,22,60
0.2,8,48,linear,1,30,60
0.2,8,48,mlp,1,23,60
0.2,8,49,cardinal,1,37,62
0.2,8,49,linear,1,26,62
0.2,8,49,mlp,1,59,62
0.2,8,50,cardinal,1,10,35
0.2,8,50,linear,1,10,35
0.2,8,50,mlp,1,10,35
0.2,8,51,cardinal,1,1,36
0.2,8,51,linear,1,1,36
0.2,8,51,mlp,1,1,36
0.2,8,52,cardinal,1,15,46
0.2,8,52,linear,1,13,46
0.2,8,52,mlp,1,18,46
0.2,8,53,cardinal,1,22,41
0.2,8,53,linear,1,28,41
0.2,8,53,mlp,1,32,41
0.2,8,54,cardinal,0,8000,
0.2,8,54,linear,0,8000,
0.2,8,54,mlp,0,8000,
0.2,8,55,cardinal,1,9,51
0.2,8,55,linear,1,9,51
0.2,8,55,mlp,1,9,51
0.2,8,56,cardinal,1,16,53
0.2,8,56,linear,1,15,53
0.2,8,56,mlp,1,19,53
0.2,8,57,cardinal,1,82,56
0.2,8,57,linear,1,153,56
0.2,8,57,mlp,1,297,56
0.2,8,58,cardinal,1,3,54
0.2,8,58,linear,1,3,54
0.2,8,58,mlp,1,5,54
0.2,8,59,cardinal,1,41,56
0.2,8,59,linear,1,33,56
0.2,8,59,mlp,1,41,56
0.2,8,60,cardinal,1,4,41
0.2,8,60,linear,1,4,41
0.2,8,60,mlp,1,4,41
0.2,8,61,cardinal,1,628,47
0.2,8,61,linear,1,65,47
0.2,8,61,mlp,1,104,47
0.2,8,62,cardinal,1,29,57
0.2,8,62,linear,1,29,57
0.2,8,62,mlp,1,51,57
0.2,8,63,cardinal,1,7,46
0.2,8,63,linear,1,7,46
0.2,8,63,mlp,1,7,46
0.2,8,64,cardinal,1,62,70
0.2,8,64,linear,1,65,70
0.2,8,64,mlp,1,65,70
0.2,8,65,cardinal,0,8000,
0.2,8,65,linear,0,8000,
0.2,8,65,mlp,0,8000,
0.2,8,66,cardinal,0,8000,
0.2,8,66,linear,1,3302,94
0.2,8,66,mlp,0,8000,
0.2,8,67,cardinal,1,3829,70
0.2,8,67,linear,1,2430,70
0.2,8,67,mlp,0,8000,
0.2,8,68,cardinal,1,42,33
0.2,8,68,linear,1,41,33
0.2,8,68,mlp,1,44,33
0.2,8,69,cardinal,1,99,47
0.2,8,69,linear,1,23,47
0.2,8,69,mlp,1,150,47
0.2,8,70,cardinal,1,698,69
0.2,8,70,linear,1,485,69
0.2,8,70,mlp,1,2148,69
0.2,8,71,cardinal,1,4,48
0.2,8,71,linear,1,4,48
0.2,8,71,mlp,1,4,48
0.2,8,72,cardinal,1,13,53
0.2,8,72,linear,1,13,53
0.2,8,72,mlp,1,15,53
0.2,8,73,cardinal,0,8000,
0.2,8,73,linear,1,3578,63
0.2,8,73,mlp,0,8000,
0.2,8,74,cardinal,1,37,53
0.2,8,74,linear,1,47,53
0.2,8,74,mlp,1,118,53
0.2,8,75,cardinal,1,523,63
0.2,8,75,linear,1,619,63
0.2,8,75,mlp,1,1388,63
0.2,8,76,cardinal,1,74,58
0.2,8,76,linear,1,78,58
0.2,8,76,mlp,1,90,58
0.2,8,77,cardinal,1,39,48
0.2,8,77,linear,1,60,48
0.2,8,77,mlp,1,56,48
0.2,8,78,cardinal,1,10,43
0.2,8,78,linear,1,10,43
0.2,8,78,mlp,1,10,43
0.2,8,79,cardinal,1,5,56
0.2,8,79,linear,1,7,56
0.2,8,79,mlp,1,7,56
0.2,10,0,cardinal,1,68,77
0.2,10,0,linear,1,53,77
0.2,10,0,mlp,1,252,77
0.2,10,1,cardinal,1,371,80
0.2,10,1,linear,1,95,80
0.2,10,1,mlp,1,607,80
0.2,10,2,cardinal,1,417,55
0.2,10,2,linear,1,108,55
0.2,10,2,mlp,1,503,55
0.2,10,3,cardinal,1,21,58
0.2,10,3,linear,1,15,58
0.2,10,3,mlp,1,21,58
0.2,10,4,cardinal,1,189,77
0.2,10,4,linear,1,59,77
0.2,10,4,mlp,1,197,77
0.2,10,5,cardinal,1,456,68
0.2,10,5,linear,1,347,68
0.2,10,5,mlp,1,614,68
0.2,10,6,cardinal,1,16,60
0.2,10,6,linear,1,18,60
0.2,10,6,mlp,1,19,60
0.2,10,7,cardinal,1,4,52
0.2,10,7,linear,1,4,52
0.2,10,7,mlp,1,4,52
0.2,10,8,cardinal,1,93,71
0.2,10,8,linear,1,67,71
0.2,10,8,mlp,1,134,71
0.2,10,9,cardinal,1,30,78
0.2,10,9,linear,1,19,78
0.2,10,9,mlp,1,39,78
0.2,10,10,cardinal,0,8000,
0.2,10,10,linear,1,400,84
0.2,10,10,mlp,0,8000,
0.2,10,11,cardinal,1,163,72
0.2,10,11,linear,1,86,72
0.2,10,11,mlp,1,173,72
0.2,10,12,cardinal,1,22,60
0.2,10,12,linear,1,23,60
0.2,10,12,mlp,1,43,60
0.2,10,13,cardinal,0,8000,
0.2,10,13,linear,0,8000,
0.2,10,13,mlp,0,8000,
0.2,10,14,cardinal,1,83,57
0.2,10,14,linear,1,38,57
0.2,10,14,mlp,1,69,57
0.2,10,15,cardinal,1,1206,56
0.2,10,15,linear,1,1164,56
0.2,10,15,mlp,1,1666,56
0.2,10,16,cardinal,1,7,50
0.2,10,16,linear,1,8,50
0.2,10,16,mlp,1,7,50
0.2,10,17,cardinal,1,1625,80
0.2,10,17,linear,1,104,80
0.2,10,17,mlp,1,3221,80
0.2,10,18,cardinal,1,418,91
0.2,10,18,linear,1,386,91
0.2,10,18,mlp,1,824,91
0.2,10,19,cardinal,0,8000,
0.2,10,19,linear,1,701,84
0.2,10,19,mlp,1,1560,84
0.2,10,20,cardinal,0,8000,
0.2,10,20,linear,0,8000,
0.2,10,20,mlp,0,8000,
0.2,10,21,cardinal,1,215,78
0.2,10,21,linear,1,97,78
0.2,10,21,mlp,1,231,78
0.2,10,22,cardinal,1,19,69
0.2,10,22,linear,1,23,69
0.2,10,22,mlp,1,23,69
0.2,10,23,cardinal,1,8,56
0.2,10,23,linear,1,8,56
0.2,10,23,mlp,1,9,56
0.2,10,24,cardinal,1,314,58
0.2,10,24,linear,1,58,58
0.2,10,24,mlp,1,118,58
0.2,10,25,cardinal,1,5,58
0.2,10,25,linear,1,5,58
0.2,10,25,mlp,1,5,58
0.2,10,26,cardinal,0,8000,
0.2,10,26,linear,1,1873,95
0.2,10,26,mlp,0,8000,
0.2,10,27,cardinal,0,8000,
0.2,10,27,linear,1,430,72
0.2,10,27,mlp,1,2404,72
0.2,10,28,cardinal,1,201,67
0.2,10,28,linear,1,193,67
0.2,10,28,mlp,1,160,67
0.2,10,29,cardinal,1,26,52
0.2,10,29,linear,1,29,52
0.2,10,29,mlp,1,48,52
0.2,10,30,cardinal,1,13,43
0.2,10,30,linear,1,18,43
0.2,10,30,mlp,1,43,43
0.2,10,31,cardinal,1,1195,78
0.2,10,31,linear,1,699,78
0.2,10,31,mlp,1,5000,78
0.2,10,32,cardinal,1,3,59
0.2,10,32,linear,1,3,59
0.2,10,32,mlp,1,3,59
0.2,10,33,cardinal,1,198,70
0.2,10,33,linear,1,110,70
0.2,10,33,mlp,1,275,70
0.2,10,34,cardinal,1,126,60
0.2,10,34,linear,1,205,60
0.2,10,34,mlp,1,75,60
0.2,10,35,cardinal,1,40,78
0.2,10,35,linear,1,36,78
0.2,10,35,mlp,1,57,78
0.2,10,36,cardinal,1,15,51
0.2,10,36,linear,1,16,51
0.2,10,36,mlp,1,68,51
0.2,10,37,cardinal,1,337,66
0.2,10,37,linear,1,269,66
0.2,10,37,mlp,1,408,66
0.2,10,38,cardinal,0,8000,
0.2,10,38,linear,0,8000,
0.2,10,38,mlp,0,8000,
0.2,10,39,cardinal,1,11,64
0.2,10,39,linear,1,9,64
0.2,10,39,mlp,1,9,64
0.2,10,40,cardinal,1,694,68
0.2,10,40,linear,1,288,68
0.2,10,40,mlp,1,565,68
0.2,10,41,cardinal,1,993,85
0.2,10,41,linear,1,900,85
0.2,10,41,mlp,1,6274,85
0.2,10,42,cardinal,1,4,47
0.2,10,42,linear,1,4,47
0.2,10,42,mlp,1,4,47
0.2,10,43,cardinal,1,35,57
0.2,10,43,linear,1,48,57
0.2,10,43,mlp,1,57,57
0.2,10,44,cardinal,1,281,74
0.2,10,44,linear,1,144,74
0.2,10,44,mlp,1,341,74
0.2,10,45,cardinal,1,5745,71
0.2,10,45,linear,1,436,71
0.2,10,45,mlp,1,2323,71
0.2,10,46,cardinal,1,669,81
0.2,10,46,linear,1,126,81
0.2,10,46,mlp,1,3257,81
0.2,10,47,cardinal,1,5,66
0.2,10,47,linear,1,5,66
0.2,10,47,mlp,1,5,66
0.2,10,48,cardinal,1,39,74
0.2,10,48,linear,1,61,74
0.2,10,48,mlp,1,84,74
0.2,10,49,cardinal,1,2882,83
0.2,10,49,linear,1,807,83
0.2,10,49,mlp,0,8000,
0.2,10,50,cardinal,1,11,48
0.2,10,50,linear,1,11,48
0.2,10,50,mlp,1,13,48
0.2,10,51,cardinal,1,4,47
0.2,10,51,linear,1,4,47
0.2,10,51,mlp,1,4,47
0.2,10,52,cardinal,1,48,65
0.2,10,52,linear,1,19,65
0.2,10,52,mlp,1,36,65
0.2,10,53,cardinal,1,27,48
0.2,10,53,linear,1,36,48
0.2,10,53,mlp,1,34,48
0.2,10,54,cardinal,0,8000,
0.2,10,54,linear,0,8000,
0.2,10,54,mlp,0,8000,
0.2,10,55,cardinal,1,51,61
0.2,10,55,linear,1,42,61
0.2,10,55,mlp,1,143,61
0.2,10,56,cardinal,1,256,76
0.2,10,56,linear,1,226,76
0.2,10,56,mlp,1,2204,76
0.2,10,57,cardinal,1,2349,69
0.2,10,57,linear,1,2482,69
0.2,10,57,mlp,1,3990,69
0.2,10,58,cardinal,1,22,71
0.2,10,58,linear,1,11,71
0.2,10,58,mlp,1,19,71
0.2,10,59,cardinal,1,91,65
0.2,10,59,linear,1,78,65
0.2,10,59,mlp,1,158,65
0.2,10,60,cardinal,1,17,53
0.2,10,60,linear,1,14,53
0.2,10,60,mlp,1,16,53
0.2,10,61,cardinal,1,1933,54
0.2,10,61,linear,1,108,54
0.2,10,61,mlp,1,204,54
0.2,10,62,cardinal,1,1551,69
0.2,10,62,linear,1,1160,69
0.2,10,62,mlp,1,7231,69
0.2,10,63,cardinal,1,93,65
0.2,10,63,linear,1,69,65
0.2,10,63,mlp,1,198,65
0.2,10,64,cardinal,0,8000,
0.2,10,64,linear,1,1545,85
0.2,10,64,mlp,1,6884,85
0.2,10,65,cardinal,0,8000,
0.2,10,65,linear,0,8000,
0.2,10,65,mlp,0,8000,
0.2,10,66,cardinal,0,8000,
0.2,10,66,linear,0,8000,
0.2,10,66,mlp,0,8000,
0.2,10,67,cardinal,0,8000,
0.2,10,67,linear,0,8000,
0.2,10,67,mlp,0,8000,
0.2,10,68,cardinal,1,42,37
0.2,10,68,linear,1,41,37
0.2,10,68,mlp,1,44,37
0.2,10,69,cardinal,1,3949,57
0.2,10,69,linear,1,640,57
0.2,10,69,mlp,1,2119,57
0.2,10,70,cardinal,1,2698,91
0.2,10,70,linear,1,2417,91
0.2,10,70,mlp,0,8000,
0.2,10,71,cardinal,1,57,56
0.2,10,71,linear,1,76,56
0.2,10,71,mlp,1,213,56
0.2,10,72,cardinal,1,178,70
0.2,10,72,linear,1,112,70
0.2,10,72,mlp,1,163,70
0.2,10,73,cardinal,0,8000,
0.2,10,73,linear,1,3624,76
0.2,10,73,mlp,0,8000,
0.2,10,74,cardinal,1,280,67
0.2,10,74,linear,1,177,67
0.2,10,74,mlp,1,843,67
0.2,10,75,cardinal,0,8000,
0.2,10,75,linear,1,828,78
0.2,10,75,mlp,1,2177,78
0.2,10,76,cardinal,1,329,76
0.2,10,76,linear,1,414,76
0.2,10,76,mlp,1,1954,76
0.2,10,77,cardinal,1,43,57
0.2,10,77,linear,1,63,57
0.2,10,77,mlp,1,68,57
0.2,10,78,cardinal,1,25,61
0.2,10,78,linear,1,50,61
0.2,10,78,mlp,1,28,61
0.2,10,79,cardinal,1,21,73
0.2,10,79,linear,1,25,73
0.2,10,79,mlp,1,80,73
0.2,12,0,cardinal,0,8000,
0.2,12,0,linear,0,8000,
0.2,12,0,mlp,0,8000,
0.2,12,1,cardinal,1,1874,91
0.2,12,1,linear,1,1418,91
0.2,12,1,mlp,0,8000,
0.2,12,2,cardinal,1,636,63
0.2,12,2,linear,1,149,63
0.2,12,2,mlp,1,743,63
0.2,12,3,cardinal,1,34,72
0.2,12,3,linear,1,29,72
0.2,12,3,mlp,1,72,72
0.2,12,4,cardinal,1,1527,98
0.2,12,4,linear,1,224,98
0.2,12,4,mlp,0,8000,
0.2,12,5,cardinal,1,616,74
0.2,12,5,linear,1,422,74
0.2,12,5,mlp,0,8000,
0.2,12,6,cardinal,1,11,69
0.2,12,6,linear,1,11,69
0.2,12,6,mlp,1,41,69
0.2,12,7,cardinal,1,11,64
0.2,12,7,linear,1,11,64
0.2,12,7,mlp,1,17,64
0.2,12,8,cardinal,1,175,89
0.2,12,8,linear,1,95,89
0.2,12,8,mlp,1,606,89
0.2,12,9,cardinal,1,118,102
0.2,12,9,linear,1,58,102
0.2,12,9,mlp,1,226,102
0.2,12,10,cardinal,0,8000,
0.2,12,10,linear,1,392,90
0.2,12,10,mlp,0,8000,
0.2,12,11,cardinal,1,162,80
0.2,12,11,linear,1,106,80
0.2,12,11,mlp,1,245,80
0.2,12,12,cardinal,1,24,66
0.2,12,12,linear,1,27,66
0.2,12,12,mlp,1,56,66
0.2,12,13,cardinal,0,8000,
0.2,12,13,linear,0,8000,
0.2,12,13,mlp,0,8000,
0.2,12,14,cardinal,0,8000,
0.2,12,14,linear,1,1153,77
0.2,12,14,mlp,0,8000,
0.2,12,15,cardinal,0,8000,
0.2,12,15,linear,1,4018,73
0.2,12,15,mlp,0,8000,
0.2,12,16,cardinal,1,16,61
0.2,12,16,linear,1,13,61
0.2,12,16,mlp,1,16,61
0.2,12,17,cardinal,0,8000,
0.2,12,17,linear,1,673,94
0.2,12,17,mlp,0,8000,
0.2,12,18,cardinal,1,2827,111
0.2,12,18,linear,1,2485,111
0.2,12,18,mlp,1,3729,111
0.2,12,19,cardinal,0,8000,
0.2,12,19,linear,1,771,93
0.2,12,19,mlp,1,3417,93
0.2,12,20,cardinal,0,8000,
0.2,12,20,linear,0,8000,
0.2,12,20,mlp,0,8000,
0.2,12,21,cardinal,0,8000,
0.2,12,21,linear,1,720,97
0.2,12,21,mlp,0,8000,
0.2,12,22,cardinal,1,462,83
0.2,12,22,linear,1,99,83
0.2,12,22,mlp,1,127,83
0.2,12,23,cardinal,1,32,67
0.2,12,23,linear,1,17,67
0.2,12,23,mlp,1,37,67
0.2,12,24,cardinal,0,8000,
0.2,12,24,linear,1,196,79
0.2,12,24,mlp,1,1997,79
0.2,12,25,cardinal,1,6,71
0.2,12,25,linear,1,8,71
0.2,12,25,mlp,1,7,71
0.2,12,26,cardinal,0,8000,
0.2,12,26,linear,0,7894,
0.2,12,26,mlp,0,8000,
0.2,12,27,cardinal,0,8000,
0.2,12,27,linear,0,8000,
0.2,12,27,mlp,0,8000,
0.2,12,28,cardinal,1,4858,88
0.2,12,28,linear,1,571,88
0.2,12,28,mlp,1,1179,88
0.2,12,29,cardinal,1,90,59
0.2,12,29,linear,1,80,59
0.2,12,29,mlp,1,165,59
0.2,12,30,cardinal,1,38,54
0.2,12,30,linear,1,49,54
0.2,12,30,mlp,1,142,54
0.2,12,31,cardinal,1,5773,89
0.2,12,31,linear,1,4931,89
0.2,12,31,mlp,0,8000,
0.2,12,32,cardinal,1,11,73
0.2,12,32,linear,1,15,73
0.2,12,32,mlp,1,15,73
0.2,12,33,cardinal,1,1648,90
0.2,12,33,linear,1,480,90
0.2,12,33,mlp,1,3163,90
0.2,12,34,cardinal,0,8000,
0.2,12,34,linear,0,8000,
0.2,12,34,mlp,1,5428,75
0.2,12,35,cardinal,1,2968,96
0.2,12,35,linear,1,92,96
0.2,12,35,mlp,1,3616,96
0.2,12,36,cardinal,1,49,63
0.2,12,36,linear,1,37,63
0.2,12,36,mlp,1,154,63
0.2,12,37,cardinal,1,1743,84
0.2,12,37,linear,1,839,84
0.2,12,37,mlp,1,562,84
0.2,12,38,cardinal,0,8000,
0.2,12,38,linear,0,8000,
0.2,12,38,mlp,0,8000,
0.2,12,39,cardinal,1,20,81
0.2,12,39,linear,1,23,81
0.2,12,39,mlp,1,20,81
0.2,12,40,cardinal,1,6813,85
0.2,12,40,linear,1,348,85
0.2,12,40,mlp,1,842,85
0.2,12,41,cardinal,1,1259,106
0.2,12,41,linear,1,606,106
0.2,12,41,mlp,0,8000,
0.2,12,42,cardinal,1,75,58
0.2,12,42,linear,1,29,58
0.2,12,42,mlp,1,41,58
0.2,12,43,cardinal,1,137,74
0.2,12,43,linear,1,65,74
0.2,12,43,mlp,1,547,74
0.2,12,44,cardinal,0,8000,
0.2,12,44,linear,0,8000,
0.2,12,44,mlp,0,8000,
0.2,12,45,cardinal,1,5747,83
0.2,12,45,linear,1,456,83
0.2,12,45,mlp,1,3156,83
0.2,12,46,cardinal,1,772,96
0.2,12,46,linear,1,130,96
0.2,12,46,mlp,0,8000,
0.2,12,47,cardinal,1,1254,93
0.2,12,47,linear,1,1233,93
0.2,12,47,mlp,0,8000,
0.2,12,48,cardinal,1,240,80
0.2,12,48,linear,1,277,80
0.2,12,48,mlp,1,283,80
0.2,12,49,cardinal,0,8000,
0.2,12,49,linear,1,5456,98
0.2,12,49,mlp,0,8000,
0.2,12,50,cardinal,1,12,56
0.2,12,50,linear,1,12,56
0.2,12,50,mlp,1,12,56
0.2,12,51,cardinal,1,11,57
0.2,12,51,linear,1,12,57
0.2,12,51,mlp,1,14,57
0.2,12,52,cardinal,1,249,75
0.2,12,52,linear,1,42,75
0.2,12,52,mlp,1,98,75
0.2,12,53,cardinal,1,245,56
0.2,12,53,linear,1,262,56
0.2,12,53,mlp,1,325,56
0.2,12,54,cardinal,0,8000,
0.2,12,54,linear,0,8000,
0.2,12,54,mlp,0,8000,
0.2,12,55,cardinal,1,748,78
0.2,12,55,linear,1,333,78
0.2,12,55,mlp,1,655,78
0.2,12,56,cardinal,1,962,86
0.2,12,56,linear,1,770,86
0.2,12,56,mlp,0,8000,
0.2,12,57,cardinal,0,8000,
0.2,12,57,linear,1,7337,79
0.2,12,57,mlp,0,8000,
0.2,12,58,cardinal,1,76,82
0.2,12,58,linear,1,28,82
0.2,12,58,mlp,1,62,82
0.2,12,59,cardinal,1,576,80
0.2,12,59,linear,1,222,80
0.2,12,59,mlp,1,889,80
0.2,12,60,cardinal,1,7327,79
0.2,12,60,linear,1,1045,79
0.2,12,60,mlp,1,6303,79
0.2,12,61,cardinal,0,8000,
0.2,12,61,linear,1,5787,70
0.2,12,61,mlp,0,8000,
0.2,12,62,cardinal,1,6717,82
0.2,12,62,linear,1,3917,82
0.2,12,62,mlp,0,8000,
0.2,12,63,cardinal,1,151,73
0.2,12,63,linear,1,93,73
0.2,12,63,mlp,1,480,73
0.2,12,64,cardinal,0,8000,
0.2,12,64,linear,0,7465,
0.2,12,64,mlp,0,7250,
0.2,12,65,cardinal,0,8000,
0.2,12,65,linear,0,8000,
0.2,12,65,mlp,0,8000,
0.2,12,66,cardinal,0,8000,
0.2,12,66,linear,0,8000,
0.2,12,66,mlp,0,8000,
0.2,12,67,cardinal,0,8000,
0.2,12,67,linear,0,8000,
0.2,12,67,mlp,0,8000,
0.2,12,68,cardinal,1,590,55
0.2,12,68,linear,1,55,55
0.2,12,68,mlp,1,55,55
0.2,12,69,cardinal,0,8000,
0.2,12,69,linear,1,5129,76
0.2,12,69,mlp,0,8000,
0.2,12,70,cardinal,0,8000,
0.2,12,70,linear,0,8000,
0.2,12,70,mlp,0,8000,
0.2,12,71,cardinal,0,8000,
0.2,12,71,linear,1,5281,72
0.2,12,71,mlp,0,8000,
0.2,12,72,cardinal,1,1793,85
0.2,12,72,linear,1,433,85
0.2,12,72,mlp,1,4645,85
0.2,12,73,cardinal,0,8000,
0.2,12,73,linear,0,8000,
0.2,12,73,mlp,0,8000,
0.2,12,74,cardinal,1,2932,84
0.2,12,74,linear,1,1085,84
0.2,12,74,mlp,0,8000,
0.2,12,75,cardinal,0,8000,
0.2,12,75,linear,1,4967,87
0.2,12,75,mlp,0,8000,
0.2,12,76,cardinal,0,8000,
0.2,12,76,linear,0,8000,
0.2,12,76,mlp,0,8000,
0.2,12,77,cardinal,1,1475,78
0.2,12,77,linear,1,813,78
0.2,12,77,mlp,1,1901,78
0.2,12,78,cardinal,1,34,77
0.2,12,78,linear,1,49,77
0.2,12,78,mlp,1,67,77
0.2,12,79,cardinal,1,138,90
0.2,12,79,linear,1,175,90
0.2,12,79,mlp,1,1912,90
0.2,14,0,cardinal,0,8000,
0.2,14,0,linear,0,8000,
0.2,14,0,mlp,0,8000,
0.2,14,1,cardinal,1,2834,105
0.2,14,1,linear,1,2151,105
0.2,14,1,mlp,0,8000,
0.2,14,2,cardinal,0,8000,
0.2,14,2,linear,1,2533,82
0.2,14,2,mlp,0,8000,
0.2,14,3,cardinal,1,394,78
0.2,14,3,linear,1,93,78
0.2,14,3,mlp,1,359,78
0.2,14,4,cardinal,1,1532,111
0.2,14,4,linear,1,236,111
0.2,14,4,mlp,0,8000,
0.2,14,5,cardinal,1,900,79
0.2,14,5,linear,1,660,79
0.2,14,5,mlp,0,8000,
0.2,14,6,cardinal,1,63,87
0.2,14,6,linear,1,63,87
0.2,14,6,mlp,1,292,87
0.2,14,7,cardinal,1,14,72
0.2,14,7,linear,1,14,72
0.2,14,7,mlp,1,22,72
0.2,14,8,cardinal,1,428,105
0.2,14,8,linear,1,282,105
0.2,14,8,mlp,0,8000,
0.2,14,9,cardinal,1,5516,118
0.2,14,9,linear,1,3926,118
0.2,14,9,mlp,0,8000,
0.2,14,10,cardinal,0,8000,
0.2,14,10,linear,1,582,106
0.2,14,10,mlp,0,8000,
0.2,14,11,cardinal,1,919,101
0.2,14,11,linear,1,1121,101
0.2,14,11,mlp,1,5941,101
0.2,14,12,cardinal,1,24,75
0.2,14,12,linear,1,29,75
0.2,14,12,mlp,1,39,75
0.2,14,13,cardinal,0,8000,
0.2,14,13,linear,0,8000,
0.2,14,13,mlp,0,8000,
0.2,14,14,cardinal,0,8000,
0.2,14,14,linear,1,1786,85
0.2,14,14,mlp,0,8000,
0.2,14,15,cardinal,0,8000,
0.2,14,15,linear,0,8000,
0.2,14,15,mlp,0,8000,
0.2,14,16,cardinal,1,70,74
0.2,14,16,linear,1,160,74
0.2,14,16,mlp,1,83,74
0.2,14,17,cardinal,0,8000,
0.2,14,17,linear,1,728,102
0.2,14,17,mlp,0,8000,
0.2,14,18,cardinal,1,3856,118
0.2,14,18,linear,1,3375,118
0.2,14,18,mlp,0,8000,
0.2,14,19,cardinal,0,8000,
0.2,14,19,linear,1,1317,109
0.2,14,19,mlp,0,8000,
0.2,14,20,cardinal,0,8000,
0.2,14,20,linear,0,8000,
0.2,14,20,mlp,0,8000,
0.2,14,21,cardinal,0,8000,
0.2,14,21,linear,0,7862,
0.2,14,21,mlp,0,8000,
0.2,14,22,cardinal,1,7131,94
0.2,14,22,linear,1,878,94
0.2,14,22,mlp,0,8000,
0.2,14,23,cardinal,1,146,79
0.2,14,23,linear,1,84,79
0.2,14,23,mlp,1,219,79
0.2,14,24,cardinal,0,8000,
0.2,14,24,linear,1,189,89
0.2,14,24,mlp,1,3361,89
0.2,14,25,cardinal,1,82,81
0.2,14,25,linear,1,93,81
0.2,14,25,mlp,1,644,81
0.2,14,26,cardinal,0,8000,
0.2,14,26,linear,0,7641,
0.2,14,26,mlp,0,8000,
0.2,14,27,cardinal,0,8000,
0.2,14,27,linear,0,8000,
0.2,14,27,mlp,0,8000,
0.2,14,28,cardinal,0,8000,
0.2,14,28,linear,1,5185,104
0.2,14,28,mlp,0,8000,
0.2,14,29,cardinal,1,3455,73
0.2,14,29,linear,1,3144,73
0.2,14,29,mlp,1,7138,73
0.2,14,30,cardinal,1,39,63
0.2,14,30,linear,1,53,63
0.2,14,30,mlp,1,33,63
0.2,14,31,cardinal,0,8000,
0.2,14,31,linear,0,8000,
0.2,14,31,mlp,0,8000,
0.2,14,32,cardinal,1,14,83
0.2,14,32,linear,1,24,83
0.2,14,32,mlp,1,17,83
0.2,14,33,cardinal,0,8000,
0.2,14,33,linear,0,8000,
0.2,14,33,mlp,0,8000,
0.2,14,34,cardinal,0,8000,
0.2,14,34,linear,0,8000,
0.2,14,34,mlp,0,8000,
0.2,14,35,cardinal,0,8000,
0.2,14,35,linear,1,2140,118
0.2,14,35,mlp,0,8000,
0.2,14,36,cardinal,1,773,84
0.2,14,36,linear,1,588,84
0.2,14,36,mlp,1,3412,84
0.2,14,37,cardinal,0,8000,
0.2,14,37,linear,1,4572,96
0.2,14,37,mlp,0,8000,
0.2,14,38,cardinal,0,8000,
0.2,14,38,linear,0,8000,
0.2,14,38,mlp,0,8000,
0.2,14,39,cardinal,1,344,91
0.2,14,39,linear,1,351,91
0.2,14,39,mlp,1,755,91
0.2,14,40,cardinal,0,8000,
0.2,14,40,linear,0,8000,
0.2,14,40,mlp,0,8000,
0.2,14,41,cardinal,1,6442,117
0.2,14,41,linear,1,2538,117
0.2,14,41,mlp,0,8000,
0.2,14,42,cardinal,1,173,78
0.2,14,42,linear,1,76,78
0.2,14,42,mlp,1,339,78
0.2,14,43,cardinal,0,8000,
0.2,14,43,linear,0,8000,
0.2,14,43,mlp,0,8000,
0.2,14,44,cardinal,0,8000,
0.2,14,44,linear,0,8000,
0.2,14,44,mlp,0,8000,
0.2,14,45,cardinal,1,5749,92
0.2,14,45,linear,1,466,92
0.2,14,45,mlp,1,4682,92
0.2,14,46,cardinal,0,8000,
0.2,14,46,linear,0,8000,
0.2,14,46,mlp,0,8000,
0.2,14,47,cardinal,0,8000,
0.2,14,47,linear,0,8000,
0.2,14,47,mlp,0,8000,
0.2,14,48,cardinal,0,8000,
0.2,14,48,linear,1,6625,103
0.2,14,48,mlp,0,8000,
0.2,14,49,cardinal,0,8000,
0.2,14,49,linear,1,6878,108
0.2,14,49,mlp,0,8000,
0.2,14,50,cardinal,1,190,69
0.2,14,50,linear,1,155,69
0.2,14,50,mlp,1,876,69
0.2,14,51,cardinal,1,17,63
0.2,14,51,linear,1,16,63
0.2,14,51,mlp,1,21,63
0.2,14,52,cardinal,1,1109,86
0.2,14,52,linear,1,96,86
0.2,14,52,mlp,1,1177,86
0.2,14,53,cardinal,0,8000,
0.2,14,53,linear,1,1064,74
0.2,14,53,mlp,1,5405,74
0.2,14,54,cardinal,0,8000,
0.2,14,54,linear,0,8000,
0.2,14,54,mlp,0,8000,
0.2,14,55,cardinal,1,3569,90
0.2,14,55,linear,1,1617,90
0.2,14,55,mlp,1,6069,90
0.2,14,56,cardinal,0,8000,
0.2,14,56,linear,0,8000,
0.2,14,56,mlp,0,8000,
0.2,14,57,cardinal,0,8000,
0.2,14,57,linear,0,8000,
0.2,14,57,mlp,0,8000,
0.2,14,58,cardinal,0,8000,
0.2,14,58,linear,0,8000,
0.2,14,58,mlp,0,8000,
0.2,14,59,cardinal,0,8000,
0.2,14,59,linear,1,5163,92
0.2,14,59,mlp,0,8000,
0.2,14,60,cardinal,0,8000,
0.2,14,60,linear,0,8000,
0.2,14,60,mlp,0,8000,
0.2,14,61,cardinal,0,8000,
0.2,14,61,linear,0,8000,
0.2,14,61,mlp,0,8000,
0.2,14,62,cardinal,0,8000,
0.2,14,62,linear,0,8000,
0.2,14,62,mlp,0,8000,
0.2,14,63,cardinal,1,2131,86
0.2,14,63,linear,1,1096,86
0.2,14,63,mlp,1,2289,86
0.2,14,64,cardinal,0,8000,
0.2,14,64,linear,0,7508,
0.2,14,64,mlp,0,8000,
0.2,14,65,cardinal,0,8000,
0.2,14,65,linear,0,8000,
0.2,14,65,mlp,0,8000,
0.2,14,66,cardinal,0,8000,
0.2,14,66,linear,0,8000,
0.2,14,66,mlp,0,8000,
0.2,14,67,cardinal,0,8000,
0.2,14,67,linear,0,8000,
0.2,14,67,mlp,0,8000,
0.2,14,68,cardinal,1,246,64
0.2,14,68,linear,1,141,64
0.2,14,68,mlp,1,322,64
0.2,14,69,cardinal,0,8000,
0.2,14,69,linear,1,3773,97
0.2,14,69,mlp,0,8000,
0.2,14,70,cardinal,0,8000,
0.2,14,70,linear,0,8000,
0.2,14,70,mlp,0,8000,
0.2,14,71,cardinal,0,8000,
0.2,14,71,linear,0,8000,
0.2,14,71,mlp,0,8000,
0.2,14,72,cardinal,0,8000,
0.2,14,72,linear,0,8000,
0.2,14,72,mlp,0,8000,
0.2,14,73,cardinal,0,8000,
0.2,14,73,linear,0,8000,
0.2,14,73,mlp,0,8000,
0.2,14,74,cardinal,0,8000,
0.2,14,74,linear,0,8000,
0.2,14,74,mlp,0,8000,
0.2,14,75,cardinal,0,8000,
0.2,14,75,linear,0,8000,
0.2,14,75,mlp,0,8000,
0.2,14,76,cardinal,0,8000,
0.2,14,76,linear,0,8000,
0.2,14,76,mlp,0,8000,
0.2,14,77,cardinal,1,5985,88
0.2,14,77,linear,1,4472,88
0.2,14,77,mlp,0,8000,
0.2,14,78,cardinal,0,8000,
0.2,14,78,linear,0,8000,
0.2,14,78,mlp,0,8000,
0.2,14,79,cardinal,0,8000,
0.2,14,79,linear,1,3244,106
0.2,14,79,mlp,0,8000,
